⚠ [252/374] Replayed RMQ.Core.SuccinctFinalRAM
warning: RMQ/Core/SuccinctFinalRAM.lean:5272:44: This simp argument is unused:
  List.mem_singleton
Hint: Omit it from the simp argument list.
  simp [SuccinctRank.TwoLevelPayloadLiveStoredWordRankData.bpChunkedRankTraceResultWithStore,
       ̵ ̵WordRAM.TraceResult.bind_trace, List.mem_append,
  ̵  ̵ ̵ ̵ ̵ ̵SuccinctClose.bpChunkReadTraceResult,̵ ̵L̵i̵s̵t̵.̵m̵e̵m̵_̵s̵i̵n̵g̵l̵e̵t̵o̵n̵]
Note: This linter can be disabled with `set_option linter.unusedSimpArgs false`
warning: RMQ/Core/SuccinctFinalRAM.lean:5275:44: This simp argument is unused:
  List.mem_singleton
Hint: Omit it from the simp argument list.
  simp [SuccinctRank.TwoLevelPayloadLiveStoredWordRankData.bpChunkedRankTraceResultWithStore,
       ̵ ̵WordRAM.TraceResult.bind_trace, List.mem_append,
  ̵  ̵ ̵ ̵ ̵ ̵SuccinctClose.bpChunkReadTraceResult,̵ ̵L̵i̵s̵t̵.̵m̵e̵m̵_̵s̵i̵n̵g̵l̵e̵t̵o̵n̵]
Note: This linter can be disabled with `set_option linter.unusedSimpArgs false`
warning: RMQ/Core/SuccinctFinalRAM.lean:5277:38: This simp argument is unused:
  List.mem_append
Hint: Omit it from the simp argument list.
  simp [SuccinctRank.TwoLevelPayloadLiveStoredWordRankData.bpChunkedRankTraceResultWithStore,
       ̵ ̵WordRAM.TraceResult.bind_trace, L̵i̵s̵t̵.̵m̵e̵m̵_̵a̵p̵p̵e̵n̵d̵,̵
  ̵ ̵ ̵ ̵ ̵ ̵ ̵SuccinctClose.bpChunkReadTraceResult,
       ̵ ̵SuccinctClose.bpWordReadTraceResult, List.mem_singleton]
Note: This linter can be disabled with `set_option linter.unusedSimpArgs false`
warning: RMQ/Core/SuccinctFinalRAM.lean:5279:43: This simp argument is unused:
  List.mem_singleton
Hint: Omit it from the simp argument list.
  simp [SuccinctRank.TwoLevelPayloadLiveStoredWordRankData.bpChunkedRankTraceResultWithStore,
       ̵ ̵WordRAM.TraceResult.bind_trace, List.mem_append,
  ̵  ̵ ̵ ̵ ̵ ̵SuccinctClose.bpChunkReadTraceResult,
       ̵ ̵SuccinctClose.bpWordReadTraceResult,̵ ̵L̵i̵s̵t̵.̵m̵e̵m̵_̵s̵i̵n̵g̵l̵e̵t̵o̵n̵]
Note: This linter can be disabled with `set_option linter.unusedSimpArgs false`
warning: RMQ/Core/SuccinctFinalRAM.lean:5401:36: This simp argument is unused:
  List.mem_append
Hint: Omit it from the simp argument list.
  simp [GenericSelect.bpChunkedDenseTwoWordSelectTraceResultWithStore,
      WordRAM.TraceResult.bind_trace, L̵i̵s̵t̵.̵m̵e̵m̵_̵a̵p̵p̵e̵n̵d̵,̵
  ̵ ̵ ̵ ̵ ̵SuccinctClose.bpWordReadTraceResult, List.mem_singleton]
Note: This linter can be disabled with `set_option linter.unusedSimpArgs false`
warning: RMQ/Core/SuccinctFinalRAM.lean:5402:41: This simp argument is unused:
  List.mem_singleton
Hint: Omit it from the simp argument list.
  simp [GenericSelect.bpChunkedDenseTwoWordSelectTraceResultWithStore,
      WordRAM.TraceResult.bind_trace, List.mem_append,
  ̵  ̵ ̵ ̵SuccinctClose.bpWordReadTraceResult,̵ ̵L̵i̵s̵t̵.̵m̵e̵m̵_̵s̵i̵n̵g̵l̵e̵t̵o̵n̵]
Note: This linter can be disabled with `set_option linter.unusedSimpArgs false`
⚠ [261/374] Replayed RMQ.Core.SuccinctFinal.RAM.ReviewerReachabilitySparse
warning: RMQ/Core/SuccinctFinal/RAM/ReviewerReachabilitySparse.lean:563:38: This simp argument is unused:
  List.mem_append
Hint: Omit it from the simp argument list.
  simp [SuccinctRank.TwoLevelPayloadLiveStoredWordRankData.bpChunkedRankTraceResultWithStore,
        WordRAM.TraceResult.bind_trace, L̵i̵s̵t̵.̵m̵e̵m̵_̵a̵p̵p̵e̵n̵d̵,̵
  ̵ ̵ ̵ ̵ ̵ ̵ ̵SuccinctClose.bpChunkReadTraceResult,
        SuccinctClose.bpWordReadTraceResult, hsuper, hblock, hword]
Note: This linter can be disabled with `set_option linter.unusedSimpArgs false`
⚠ [262/374] Replayed RMQ.Core.BPNavigationRAM
warning: RMQ/Core/BPNavigationRAM.lean:2111:6: This simp argument is unused:
  SuccinctFinal.concreteBPNativeFringeChunkTraceSegment
Hint: Omit it from the simp argument list.
  simp [WordRAM.TraceEvent.matchesReadStore,
        SuccinctFinal.concreteBPNativeChunkedRankCloseSeedReadStore,
        concreteBPCloseNavigationGlobalReadStore,
        SuccinctFinal.concreteBPNativeRankCloseTraceSegmentBase, S̵u̵c̵c̵i̵n̵c̵t̵F̵i̵n̵a̵l̵.̵c̵o̵n̵c̵r̵e̵t̵e̵B̵P̵N̵a̵t̵i̵v̵e̵F̵r̵i̵n̵g̵e̵C̵h̵u̵n̵k̵T̵r̵a̵c̵e̵S̵e̵g̵m̵e̵n̵t̵,̵WordRAM.Store.readWord?]
Note: This linter can be disabled with `set_option linter.unusedSimpArgs false`
⚠ [263/374] Replayed RMQ.Core.SuccinctFinal.RAM.ReviewerReachabilityLong
warning: RMQ/Core/SuccinctFinal/RAM/ReviewerReachabilityLong.lean:519:38: This simp argument is unused:
  List.mem_append
Hint: Omit it from the simp argument list.
  simp [SuccinctRank.TwoLevelPayloadLiveStoredWordRankData.bpChunkedRankTraceResultWithStore,
        WordRAM.TraceResult.bind_trace, L̵i̵s̵t̵.̵m̵e̵m̵_̵a̵p̵p̵e̵n̵d̵,̵
  ̵ ̵ ̵ ̵ ̵ ̵ ̵SuccinctClose.bpChunkReadTraceResult,
        SuccinctClose.bpWordReadTraceResult, hsuper, hblock, hword]
Note: This linter can be disabled with `set_option linter.unusedSimpArgs false`
⚠ [264/374] Replayed RMQ.Core.SuccinctFinal.RAM.ReviewerReachabilitySmall
warning: RMQ/Core/SuccinctFinal/RAM/ReviewerReachabilitySmall.lean:502:38: This simp argument is unused:
  List.mem_append
Hint: Omit it from the simp argument list.
  simp [SuccinctRank.TwoLevelPayloadLiveStoredWordRankData.bpChunkedRankTraceResultWithStore,
        WordRAM.TraceResult.bind_trace, L̵i̵s̵t̵.̵m̵e̵m̵_̵a̵p̵p̵e̵n̵d̵,̵
  ̵ ̵ ̵ ̵ ̵ ̵ ̵SuccinctClose.bpChunkReadTraceResult,
        SuccinctClose.bpWordReadTraceResult, hsuper, hblock, hword]
Note: This linter can be disabled with `set_option linter.unusedSimpArgs false`
warning: RMQ/Core/SuccinctFinal/RAM/ReviewerReachabilitySmall.lean:1482:27: This simp argument is unused:
  Nat.add_zero
Hint: Omit it from the simp argument list.
  simp only [Nat.sub_zero, N̵a̵t̵.̵a̵d̵d̵_̵z̵e̵r̵o̵,̵ ̵Nat.zero_add]
Note: This linter can be disabled with `set_option linter.unusedSimpArgs false`
warning: RMQ/Core/SuccinctFinal/RAM/ReviewerReachabilitySmall.lean:1482:41: This simp argument is unused:
  Nat.zero_add
Hint: Omit it from the simp argument list.
  simp only [Nat.sub_zero, Nat.add_zero,̵ ̵N̵a̵t̵.̵z̵e̵r̵o̵_̵a̵d̵d̵]
Note: This linter can be disabled with `set_option linter.unusedSimpArgs false`
warning: RMQ/Core/SuccinctFinal/RAM/ReviewerReachabilitySmall.lean:2977:15: This simp argument is unused:
  hsame
Hint: Omit it from the simp argument list.
  simp only [h̵s̵a̵m̵e̵,̵ ̵if_pos]
Note: This linter can be disabled with `set_option linter.unusedSimpArgs false`
⚠ [290/374] Replayed RMQ.Core.SuccinctFinal.RAM.PackedCellProbe.SourceGeometry
warning: RMQ/Core/SuccinctFinal/RAM/PackedCellProbe/SourceGeometry.lean:417:6: This simp argument is unused:
  hrankSuperTrue
Hint: Omit it from the simp argument list.
  simp only [concreteBPNativeSuccinctRMQFlatPayloadSourcePayload,
  ̵  ̵ ̵ ̵ ̵ ̵packedSourceBitLength,
  ̲  ̲ ̲ ̲ ̲ ̲packedSourceWordCount, packedSourceStride,
  ̵  ̵ ̵ ̵ ̵ ̵GenericSelect.sparseExceptionSelectData,
        GenericSelect.sparseExceptionDirectory,
  ̵  ̵ ̵ ̵ ̵ ̵hbp, hsuperBase, hsuperWord, hsuperRank, hflag,
  ̲  ̲ ̲ ̲ ̲ ̲hlongRel,
  ̵  ̵ ̵ ̵ ̵ ̵hlocalBase, hlocalWord, hlocalRank, hsparseFlag,
  ̵  ̵ ̵ ̵ ̵ ̵hrankS̵u̵p̵e̵r̵T̵r̵u̵e̵,̵ ̵h̵r̵a̵n̵k̵BlockTrue,
  ̵  ̵ ̵ ̵ ̵ ̵hsumBaseline,
  ̲  ̲ ̲ ̲ ̲ ̲hsumMin, hsumMax, hsumArg, hinteriorLocal,
  ̵  ̵ ̵ ̵ ̵ ̵packedSuperColumn, packedLocalColumn,
  ̲  ̲ ̲ ̲ ̲ ̲packedRankSuperColumn,
  ̵  ̵ ̵ ̵ ̵ ̵packedRankBlockColumn, packedSummaryBaselineLength,
        packedSummaryBlockColumnLength, packedInteriorLocalLength,
  ̵  ̵ ̵ ̵ ̵ ̵packedRankSuperSlots,
  ̲  ̲ ̲ ̲ ̲ ̲packedRankBlockSlots, packedLongRelativeSlots,
  ̵  ̵ ̵ ̵ ̵ ̵packedInteriorLocalSlots, packedLongBlockBits,
  ̲  ̲ ̲ ̲ ̲ ̲packedSuperWidth,
  ̵  ̵ ̵ ̵ ̵ ̵hsuperFirst, hlocalFirst, hrankSuperFalse, hrankBlockFalse,
  ̵  ̵ ̵ ̵ ̵ ̵hlongFlagSuper,
  ̲  ̲ ̲ ̲ ̲ ̲hlongFlagBlock, hsparseRankSuper, hsparseRankBlock,
  ̵  ̵ ̵ ̵ ̵ ̵hinteriorGlobal, Nat.mul_assoc]
Note: This linter can be disabled with `set_option linter.unusedSimpArgs false`
warning: RMQ/Core/SuccinctFinal/RAM/PackedCellProbe/SourceGeometry.lean:417:22: This simp argument is unused:
  hrankBlockTrue
Hint: Omit it from the simp argument list.
  simp only [concreteBPNativeSuccinctRMQFlatPayloadSourcePayload,
  ̵  ̵ ̵ ̵ ̵ ̵packedSourceBitLength,
  ̲  ̲ ̲ ̲ ̲ ̲packedSourceWordCount, packedSourceStride,
  ̵  ̵ ̵ ̵ ̵ ̵GenericSelect.sparseExceptionSelectData,
        GenericSelect.sparseExceptionDirectory,
  ̵  ̵ ̵ ̵ ̵ ̵hbp, hsuperBase, hsuperWord, hsuperRank, hflag,
  ̲  ̲ ̲ ̲ ̲ ̲hlongRel,
  ̵  ̵ ̵ ̵ ̵ ̵hlocalBase, hlocalWord, hlocalRank, hsparseFlag,
  ̵  ̵ ̵ ̵ ̵ ̵hrankSuperTrue, hr̵a̵n̵k̵B̵l̵o̵c̵k̵T̵r̵u̵e̵,̵
  ̵ ̵ ̵ ̵ ̵ ̵ ̵h̵sumBaseline,
  ̲  ̲ ̲ ̲ ̲ ̲hsumMin, hsumMax, hsumArg, hinteriorLocal,
  ̵  ̵ ̵ ̵ ̵ ̵packedSuperColumn, packedLocalColumn,
  ̲  ̲ ̲ ̲ ̲ ̲packedRankSuperColumn,
  ̵  ̵ ̵ ̵ ̵ ̵packedRankBlockColumn, packedSummaryBaselineLength,
        packedSummaryBlockColumnLength, packedInteriorLocalLength,
  ̵  ̵ ̵ ̵ ̵ ̵packedRankSuperSlots,
  ̲  ̲ ̲ ̲ ̲ ̲packedRankBlockSlots, packedLongRelativeSlots,
  ̵  ̵ ̵ ̵ ̵ ̵packedInteriorLocalSlots, packedLongBlockBits,
  ̲  ̲ ̲ ̲ ̲ ̲packedSuperWidth,
  ̵  ̵ ̵ ̵ ̵ ̵hsuperFirst, hlocalFirst, hrankSuperFalse, hrankBlockFalse,
  ̵  ̵ ̵ ̵ ̵ ̵hlongFlagSuper,
  ̲  ̲ ̲ ̲ ̲ ̲hlongFlagBlock, hsparseRankSuper, hsparseRankBlock,
  ̵  ̵ ̵ ̵ ̵ ̵hinteriorGlobal, Nat.mul_assoc]
Note: This linter can be disabled with `set_option linter.unusedSimpArgs false`
warning: RMQ/Core/SuccinctFinal/RAM/PackedCellProbe/SourceGeometry.lean:423:32: This simp argument is unused:
  packedLongBlockBits
Hint: Omit it from the simp argument list.
  simp only [concreteBPNativeSuccinctRMQFlatPayloadSourcePayload,
  ̵  ̵ ̵ ̵ ̵ ̵packedSourceBitLength,
  ̲  ̲ ̲ ̲ ̲ ̲packedSourceWordCount, packedSourceStride,
  ̵  ̵ ̵ ̵ ̵ ̵GenericSelect.sparseExceptionSelectData,
        GenericSelect.sparseExceptionDirectory,
  ̵  ̵ ̵ ̵ ̵ ̵hbp, hsuperBase, hsuperWord, hsuperRank, hflag,
  ̲  ̲ ̲ ̲ ̲ ̲hlongRel,
  ̵  ̵ ̵ ̵ ̵ ̵hlocalBase, hlocalWord, hlocalRank, hsparseFlag,
  ̵  ̵ ̵ ̵ ̵ ̵hrankSuperTrue, hrankBlockTrue,
        hsumBaseline, hsumMin, hsumMax, hsumArg, hinteriorLocal,
  ̵  ̵ ̵ ̵ ̵ ̵packedSuperColumn, packedLocalColumn,
  ̲  ̲ ̲ ̲ ̲ ̲packedRankSuperColumn,
  ̵  ̵ ̵ ̵ ̵ ̵packedRankBlockColumn, packedSummaryBaselineLength,
        packedSummaryBlockColumnLength, packedInteriorLocalLength,
  ̵  ̵ ̵ ̵ ̵ ̵packedRankSuperSlots,
  ̲  ̲ ̲ ̲ ̲ ̲packedRankBlockSlots, packedLongRelativeSlots,
  ̵  ̵ ̵ ̵ ̵ ̵packedInteriorLocalSlots, packedL̵o̵n̵g̵B̵l̵o̵c̵k̵B̵i̵t̵s̵,̵ ̵p̵a̵c̵k̵e̵d̵SuperWidth,
        hsuperFirst, hlocalFirst, hrankSuperFalse, hrankBlockFalse,
  ̵  ̵ ̵ ̵ ̵ ̵hlongFlagSuper, hlongFlagBlock,
  ̲  ̲ ̲ ̲ ̲ ̲hsparseRankSuper, hsparseRankBlock,
  ̵  ̵ ̵ ̵ ̵ ̵hinteriorGlobal, Nat.mul_assoc]
Note: This linter can be disabled with `set_option linter.unusedSimpArgs false`
⚠ [295/374] Replayed RMQ.Core.SuccinctFinal.RAM.PackedCellProbe.ReviewerSelectProtocol
warning: RMQ/Core/SuccinctFinal/RAM/PackedCellProbe/ReviewerSelectProtocol.lean:161:53: unused variable `localSlot`
Note: This linter can be disabled with `set_option linter.unusedVariables false`
⚠ [300/374] Replayed RMQ.Core.SuccinctFinal.RAM.PackedCellProbe.ReviewerLogicalSimulation
warning: RMQ/Core/SuccinctFinal/RAM/PackedCellProbe/ReviewerLogicalSimulation.lean:413:10: This simp argument is unused:
  PackedReviewerComponentRun.Simulates
Hint: Omit it from the simp argument list.
  simp [̵P̵a̵c̵k̵e̵d̵R̵e̵v̵i̵e̵w̵e̵r̵C̵o̵m̵p̵o̵n̵e̵n̵t̵R̵u̵n̵.̵S̵i̵m̵u̵l̵a̵t̵e̵s̵,̵ ̵W̵o̵r̵d̵R̵A̵M̵.̵T̵r̵a̵c̵e̵R̵e̵s̵u̵l̵t̵.̵b̵i̵n̵d̵,̵[̲W̲o̲r̲d̲R̲A̲M̲.̲T̲r̲a̲c̲e̲R̲e̲s̲u̲l̲t̲.̲b̲i̲n̲d̲,̲ List.map_append, hinnerTrace, houterTrace]
Note: This linter can be disabled with `set_option linter.unusedSimpArgs false`
warning: RMQ/Core/SuccinctFinal/RAM/PackedCellProbe/ReviewerLogicalSimulation.lean:616:51: This simp argument is unused:
  blockState
Hint: Omit it from the simp argument list.
  simp [tailState, tailReference, wordState, b̵l̵o̵c̵k̵S̵t̵a̵t̵e̵,̵packedReviewerRankConsumeReply,
            packedReviewerDecodeNat, packedReviewerDriveRank, packedReviewerDriveComponent,
  ̲  ̲ ̲ ̲ ̲ ̲ ̲ ̲ ̲ ̲packedReviewerRankResult, PackedReviewerComponentRun.Simulates, hsuper]
Note: This linter can be disabled with `set_option linter.unusedSimpArgs false`
warning: RMQ/Core/SuccinctFinal/RAM/PackedCellProbe/ReviewerLogicalSimulation.lean:624:55: This simp argument is unused:
  blockState
Hint: Omit it from the simp argument list.
  simp [tailState, tailReference, wordState, b̵l̵o̵c̵k̵S̵t̵a̵t̵e̵,̵packedReviewerRankConsumeReply,
                packedReviewerDecodeNat, packedReviewerDriveRank, packedReviewerDriveComponent,
  ̲  ̲ ̲ ̲ ̲ ̲ ̲ ̲ ̲ ̲ ̲ ̲ ̲ ̲packedReviewerRankResult, PackedReviewerComponentRun.Simulates, hsuper, hblock]
Note: This linter can be disabled with `set_option linter.unusedSimpArgs false`
warning: RMQ/Core/SuccinctFinal/RAM/PackedCellProbe/ReviewerLogicalSimulation.lean:632:59: This simp argument is unused:
  blockState
Hint: Omit it from the simp argument list.
  simp [tailState, tailReference, wordState, b̵l̵o̵c̵k̵S̵t̵a̵t̵e̵,̵packedReviewerRankConsumeReply,
                    packedReviewerDecodeNat, packedReviewerDriveRank, packedReviewerDriveComponent,
  ̲  ̲ ̲ ̲ ̲ ̲ ̲ ̲ ̲ ̲ ̲ ̲ ̲ ̲ ̲ ̲ ̲ ̲packedReviewerRankResult, PackedReviewerComponentRun.Simulates, hsuper, hblock,
  ̲  ̲ ̲ ̲ ̲ ̲ ̲ ̲ ̲ ̲ ̲ ̲ ̲ ̲ ̲ ̲ ̲ ̲hword]
Note: This linter can be disabled with `set_option linter.unusedSimpArgs false`
warning: RMQ/Core/SuccinctFinal/RAM/PackedCellProbe/ReviewerLogicalSimulation.lean:656:61: This simp argument is unused:
  blockState
Hint: Omit it from the simp argument list.
  simp [tailState, tailReference, wordState, b̵l̵o̵c̵k̵S̵t̵a̵t̵e̵,̵packedReviewerRankConsumeReply,
                    packedReviewerDecodeNat, packedReviewerRankStartFold, packedReviewerDriveRank,
  ̲  ̲ ̲ ̲ ̲ ̲ ̲ ̲ ̲ ̲ ̲ ̲ ̲ ̲ ̲ ̲ ̲ ̲packedReviewerDriveComponent, packedReviewerRankResult,
  ̲  ̲ ̲ ̲ ̲ ̲ ̲ ̲ ̲ ̲ ̲ ̲ ̲ ̲ ̲ ̲ ̲ ̲PackedReviewerComponentRun.Simulates,
                    SuccinctClose.bpChunkedWordRankTraceResultAtSegmentWithStore,
                    SuccinctClose.bpChunkedWordRankTraceFromWithStore, WordRAM.TraceResult.map,
                    WordRAM.TraceResult.bind, WordRAM.TraceResult.pure, q, limit, effectiveLimit,
  ̲  ̲ ̲ ̲ ̲ ̲ ̲ ̲ ̲ ̲ ̲ ̲ ̲ ̲ ̲ ̲ ̲ ̲count, base, hsuper, hblock, hword, hcount]
Note: This linter can be disabled with `set_option linter.unusedSimpArgs false`
warning: RMQ/Core/SuccinctFinal/RAM/PackedCellProbe/ReviewerLogicalSimulation.lean:665:20: This simp argument is unused:
  base
Hint: Omit it from the simp argument list.
  simp [tailState, tailReference, wordState, blockState,
                     ̵ ̵packedReviewerRankConsumeReply, packedReviewerDecodeNat,
                     ̵ ̵packedReviewerRankStartFold, packedReviewerDriveRank,
                     ̵ ̵packedReviewerDriveComponent, packedReviewerRankResult,
                     ̵ ̵PackedReviewerComponentRun.Simulates,
                     ̵ ̵SuccinctClose.bpChunkedWordRankTraceResultAtSegmentWithStore,
                     ̵ ̵SuccinctClose.bpChunkedWordRankTraceFromWithStore,
  ̵  ̵ ̵ ̵ ̵ ̵ ̵ ̵ ̵ ̵ ̵ ̵ ̵ ̵ ̵ ̵ ̵ ̵ ̵ ̵WordRAM.TraceResult.map,
  ̲  ̲ ̲ ̲ ̲ ̲ ̲ ̲ ̲ ̲ ̲ ̲ ̲ ̲ ̲ ̲ ̲ ̲WordRAM.TraceResult.bind,
  ̵  ̵ ̵ ̵ ̵ ̵ ̵ ̵ ̵ ̵ ̵ ̵ ̵ ̵ ̵ ̵ ̵ ̵ ̵ ̵WordRAM.TraceResult.pure, q, limit, effectiveLimit,
  ̲  ̲ ̲ ̲ ̲ ̲ ̲ ̲ ̲ ̲ ̲ ̲ ̲ ̲ ̲ ̲ ̲ ̲count,
  ̵  ̵ ̵ ̵ ̵ ̵ ̵ ̵ ̵ ̵ ̵ ̵ ̵ ̵ ̵ ̵ ̵ ̵ ̵ ̵b̵a̵s̵e̵,̵ ̵hsuper, hblock, hword, hcount]
Note: This linter can be disabled with `set_option linter.unusedSimpArgs false`
warning: RMQ/Core/SuccinctFinal/RAM/PackedCellProbe/ReviewerLogicalSimulation.lean:1450:8: This simp argument is unused:
  WordRAM.TraceResult.pure
Hint: Omit it from the simp argument list.
  simp [hcount, PackedReviewerComponentRun.Simulates,
  ̵  ̵ ̵ ̵ ̵ ̵ ̵ ̵packedReviewerDriveInteriorNat,
  ̲  ̲ ̲ ̲ ̲ ̲packedReviewerDriveComponent,
  ̵  ̵ ̵ ̵ ̵ ̵ ̵ ̵packedReviewerInteriorNatResult,
         ̵ ̵packedReviewerInteriorNatRemaining,
  ̵  ̵ ̵ ̵ ̵ ̵ ̵ ̵SuccinctSpace.fixedWidthNatTableMachineFootprintAt,
         ̵ ̵SuccinctSpace.fixedWidthNatTableMachineFootprint,
  ̵  ̵ ̵ ̵ ̵ ̵ ̵ ̵SuccinctSpace.consecutiveWordIndices,
         ̵ ̵SuccinctSpace.FlatStoreComputation.readMany,
  ̵  ̵ ̵ ̵ ̵ ̵ ̵ ̵SuccinctSpace.FlatStoreComputation.map,
         ̵ ̵SuccinctSpace.FlatStoreComputation.pure,
  ̵  ̵ ̵ ̵ ̵ ̵ ̵ ̵SuccinctSpace.FlatStoreExecution.append,
         ̵ ̵SuccinctClose.flatStoreExecutionTraceResultAtSegment,̵
  ̵ ̵ ̵ ̵ ̵ ̵ ̵ ̵ ̵W̵o̵r̵d̵R̵A̵M̵.̵T̵r̵a̵c̵e̵R̵e̵s̵u̵l̵t̵.̵p̵u̵r̵e̵]
Note: This linter can be disabled with `set_option linter.unusedSimpArgs false`
warning: RMQ/Core/SuccinctFinal/RAM/PackedCellProbe/ReviewerLogicalSimulation.lean:1532:12: This simp argument is unused:
  hnext
Hint: Omit it from the simp argument list.
  simp [h̵n̵e̵x̵t̵,̵ ̵after]
Note: This linter can be disabled with `set_option linter.unusedSimpArgs false`
warning: RMQ/Core/SuccinctFinal/RAM/PackedCellProbe/ReviewerLogicalSimulation.lean:2085:8: This simp argument is unused:
  SuccinctSpace.FlatStoreComputation.pure
Hint: Omit it from the simp argument list.
  simp [packedReviewerInteriorNatReference, SuccinctSpace.consecutiveWordIndices,
          SuccinctSpace.FlatStoreComputation.readMany, SuccinctSpace.FlatStoreComputation.bind,
          SuccinctSpace.FlatStoreComputation.read, S̵u̵c̵c̵i̵n̵c̵t̵S̵p̵a̵c̵e̵.̵F̵l̵a̵t̵S̵t̵o̵r̵e̵C̵o̵m̵p̵u̵t̵a̵t̵i̵o̵n̵.̵p̵u̵r̵e̵,̵SuccinctSpace.FlatStoreExecution.append,
          SuccinctClose.flatStoreExecutionTraceResultAtSegment, ih]
Note: This linter can be disabled with `set_option linter.unusedSimpArgs false`
warning: RMQ/Core/SuccinctFinal/RAM/PackedCellProbe/ReviewerLogicalSimulation.lean:2087:62: This simp argument is unused:
  ih
Hint: Omit it from the simp argument list.
  simp [packedReviewerInteriorNatReference,
  ̵  ̵ ̵ ̵ ̵ ̵ ̵ ̵SuccinctSpace.consecutiveWordIndices,
          SuccinctSpace.FlatStoreComputation.readMany,
  ̵  ̵ ̵ ̵ ̵ ̵ ̵ ̵SuccinctSpace.FlatStoreComputation.bind,
          SuccinctSpace.FlatStoreComputation.read,
  ̵  ̵ ̵ ̵ ̵ ̵ ̵ ̵SuccinctSpace.FlatStoreComputation.pure,
          SuccinctSpace.FlatStoreExecution.append,
          SuccinctClose.flatStoreExecutionTraceResultAtSegment,̵ ̵i̵h̵]
Note: This linter can be disabled with `set_option linter.unusedSimpArgs false`
warning: RMQ/Core/SuccinctFinal/RAM/PackedCellProbe/ReviewerLogicalSimulation.lean:2156:8: This simp argument is unused:
  packedReviewerInteriorStartMinCandidate
Hint: Omit it from the simp argument list.
  simp [packedReviewerInteriorFinishCandidate,
  ̵  ̵ ̵ ̵ ̵ ̵ ̵ ̵packedReviewerInteriorStartLocalSpan,
          packedReviewerInteriorS̵t̵a̵r̵t̵M̵i̵n̵C̵a̵n̵d̵i̵d̵a̵t̵e̵,̵
  ̵ ̵ ̵ ̵ ̵ ̵ ̵ ̵ ̵p̵a̵c̵k̵e̵d̵Rev̵i̵e̵w̵e̵r̵I̵n̵t̵e̵r̵i̵o̵r̵R̵e̵adNat,
  ̵  ̵ ̵ ̵ ̵ ̵ ̵ ̵packedReviewerInteriorStateReference,
          packedReviewerInteriorCandidateContinuationComputation,
          packedReviewerInteriorNatContinuationComputation,
          packedReviewerInteriorNatStateReference_start,
  ̵  ̵ ̵ ̵ ̵ ̵ ̵ ̵packedLocalSpanCandidateComputation,
  ̲  ̲ ̲ ̲ ̲ ̲ ̲ ̲packedMinCandidateComputation,
  ̵  ̵ ̵ ̵ ̵ ̵ ̵ ̵packedSummaryComputation, ih, WordRAM.TraceResult.bind,
          List.append_assoc]
Note: This linter can be disabled with `set_option linter.unusedSimpArgs false`
warning: RMQ/Core/SuccinctFinal/RAM/PackedCellProbe/ReviewerLogicalSimulation.lean:2163:34: This simp argument is unused:
  ih
Hint: Omit it from the simp argument list.
  simp [packedReviewerInteriorFinishCandidate,
  ̵  ̵ ̵ ̵ ̵ ̵ ̵ ̵packedReviewerInteriorStartLocalSpan,
          packedReviewerInteriorStartMinCandidate,
  ̵  ̵ ̵ ̵ ̵ ̵ ̵ ̵packedReviewerInteriorReadNat,
          packedReviewerInteriorStateReference,
          packedReviewerInteriorCandidateContinuationComputation,
          packedReviewerInteriorNatContinuationComputation,
          packedReviewerInteriorNatStateReference_start,
  ̵  ̵ ̵ ̵ ̵ ̵ ̵ ̵packedLocalSpanCandidateComputation, ̵p̵a̵c̵k̵e̵d̵M̵i̵n̵C̵a̵n̵d̵i̵d̵a̵t̵e̵C̵o̵m̵p̵u̵t̵a̵t̵i̵o̵n̵,̵
          packedS̵u̵m̵m̵M̲i̲n̲C̲ar̵y̵n̲d̲i̲d̲a̲t̲e̲Computation, p̲a̲c̲k̲e̲d̲S̲u̲m̲m̲a̲r̲y̲C̲o̲m̲p̲u̲t̲a̲t̲ih̵o̲n̲, WordRAM.TraceResult.bind,
          List.append_assoc]
Note: This linter can be disabled with `set_option linter.unusedSimpArgs false`
warning: RMQ/Core/SuccinctFinal/RAM/PackedCellProbe/ReviewerLogicalSimulation.lean:2173:8: This simp argument is unused:
  packedReviewerInteriorStartMinCandidate
Hint: Omit it from the simp argument list.
  simp [packedReviewerInteriorFinishCandidate,
  ̵  ̵ ̵ ̵ ̵ ̵ ̵ ̵packedReviewerInteriorStartGlobalSpan,
          packedReviewerInteriorS̵t̵a̵r̵t̵M̵i̵n̵C̵a̵n̵d̵i̵d̵a̵t̵e̵,̵
  ̵ ̵ ̵ ̵ ̵ ̵ ̵ ̵ ̵p̵a̵c̵k̵e̵d̵Rev̵i̵e̵w̵e̵r̵I̵n̵t̵e̵r̵i̵o̵r̵R̵e̵adNat,
  ̵  ̵ ̵ ̵ ̵ ̵ ̵ ̵packedReviewerInteriorStateReference,
          packedReviewerInteriorCandidateContinuationComputation,
          packedReviewerInteriorNatContinuationComputation,
          packedReviewerInteriorNatStateReference_start,
  ̵  ̵ ̵ ̵ ̵ ̵ ̵ ̵packedGlobalSpanCandidateComputation,
  ̲  ̲ ̲ ̲ ̲ ̲ ̲ ̲packedMinCandidateComputation,
  ̵  ̵ ̵ ̵ ̵ ̵ ̵ ̵packedSummaryComputation, ih, WordRAM.TraceResult.bind,
          List.append_assoc]
Note: This linter can be disabled with `set_option linter.unusedSimpArgs false`
warning: RMQ/Core/SuccinctFinal/RAM/PackedCellProbe/ReviewerLogicalSimulation.lean:2180:34: This simp argument is unused:
  ih
Hint: Omit it from the simp argument list.
  simp [packedReviewerInteriorFinishCandidate,
  ̵  ̵ ̵ ̵ ̵ ̵ ̵ ̵packedReviewerInteriorStartGlobalSpan,
          packedReviewerInteriorStartMinCandidate,
  ̵  ̵ ̵ ̵ ̵ ̵ ̵ ̵packedReviewerInteriorReadNat,
          packedReviewerInteriorStateReference,
          packedReviewerInteriorCandidateContinuationComputation,
          packedReviewerInteriorNatContinuationComputation,
          packedReviewerInteriorNatStateReference_start,
  ̵  ̵ ̵ ̵ ̵ ̵ ̵ ̵packedGlobalSpanCandidateComputation, ̵p̵a̵c̵k̵e̵d̵M̵i̵n̵C̵a̵n̵d̵i̵d̵a̵t̵e̵C̵o̵m̵p̵u̵t̵a̵t̵i̵o̵n̵,̵
          packedS̵u̵m̵m̵M̲i̲n̲C̲ar̵y̵n̲d̲i̲d̲a̲t̲e̲Computation, p̲a̲c̲k̲e̲d̲S̲u̲m̲m̲a̲r̲y̲C̲o̲m̲p̲u̲t̲a̲t̲ih̵o̲n̲, WordRAM.TraceResult.bind,
          List.append_assoc]
Note: This linter can be disabled with `set_option linter.unusedSimpArgs false`
warning: RMQ/Core/SuccinctFinal/RAM/PackedCellProbe/ReviewerLogicalSimulation.lean:2190:8: This simp argument is unused:
  packedReviewerInteriorStartLocalSpan
Hint: Omit it from the simp argument list.
  simp [packedReviewerInteriorFinishCandidate,
  ̵  ̵ ̵ ̵ ̵ ̵ ̵ ̵packedReviewerInteriorStartLocalTwo,
          packedReviewerInteriorStartL̵o̵c̵a̵l̵S̵p̵a̵n̵,̵
  ̵ ̵ ̵ ̵ ̵ ̵ ̵ ̵ ̵p̵a̵c̵k̵e̵d̵R̵e̵v̵i̵e̵w̵e̵r̵I̵n̵t̵e̵r̵i̵o̵r̵S̵t̵a̵r̵t̵MinCandidate,
  ̵  ̵ ̵ ̵ ̵ ̵ ̵ ̵packedReviewerInteriorReadNat,
          packedReviewerInteriorStateReference,
          packedReviewerInteriorCandidateContinuationComputation,
          packedReviewerInteriorNatContinuationComputation,
          packedReviewerInteriorNatStateReference_start,
  ̵  ̵ ̵ ̵ ̵ ̵ ̵ ̵packedLocalTwoSpanCandidateComputation,
          packedLocalSpanCandidateComputation, packedMinCandidateComputation,
          packedSummaryComputation, ih, WordRAM.TraceResult.bind,
  ̵  ̵ ̵ ̵ ̵ ̵ ̵ ̵List.append_assoc]
Note: This linter can be disabled with `set_option linter.unusedSimpArgs false`
warning: RMQ/Core/SuccinctFinal/RAM/PackedCellProbe/ReviewerLogicalSimulation.lean:2191:8: This simp argument is unused:
  packedReviewerInteriorStartMinCandidate
Hint: Omit it from the simp argument list.
  simp [packedReviewerInteriorFinishCandidate,
  ̵  ̵ ̵ ̵ ̵ ̵ ̵ ̵packedReviewerInteriorStartLocalTwo,
          packedReviewerInteriorStartLocalSpan,
  ̵  ̵ ̵ ̵ ̵ ̵ ̵ ̵packedReviewerInteriorS̵t̵a̵r̵t̵M̵i̵n̵C̵a̵n̵d̵i̵d̵a̵t̵e̵,̵
  ̵ ̵ ̵ ̵ ̵ ̵ ̵ ̵ ̵p̵a̵c̵k̵e̵d̵Rev̵i̵e̵w̵e̵r̵I̵n̵t̵e̵r̵i̵o̵r̵R̵e̵adNat,
          packedReviewerInteriorStateReference,
          packedReviewerInteriorCandidateContinuationComputation,
          packedReviewerInteriorNatContinuationComputation,
          packedReviewerInteriorNatStateReference_start,
  ̵  ̵ ̵ ̵ ̵ ̵ ̵ ̵packedLocalTwoSpanCandidateComputation,
          packedLocalSpanCandidateComputation, packedMinCandidateComputation,
          packedSummaryComputation, ih, WordRAM.TraceResult.bind,
  ̵  ̵ ̵ ̵ ̵ ̵ ̵ ̵List.append_assoc]
Note: This linter can be disabled with `set_option linter.unusedSimpArgs false`
warning: RMQ/Core/SuccinctFinal/RAM/PackedCellProbe/ReviewerLogicalSimulation.lean:2199:34: This simp argument is unused:
  ih
Hint: Omit it from the simp argument list.
  simp [packedReviewerInteriorFinishCandidate,
  ̵  ̵ ̵ ̵ ̵ ̵ ̵ ̵packedReviewerInteriorStartLocalTwo,
          packedReviewerInteriorStartLocalSpan,
  ̵  ̵ ̵ ̵ ̵ ̵ ̵ ̵packedReviewerInteriorStartMinCandidate,
          packedReviewerInteriorReadNat,
  ̵  ̵ ̵ ̵ ̵ ̵ ̵ ̵packedReviewerInteriorStateReference,
          packedReviewerInteriorCandidateContinuationComputation,
          packedReviewerInteriorNatContinuationComputation,
          packedReviewerInteriorNatStateReference_start,
  ̵  ̵ ̵ ̵ ̵ ̵ ̵ ̵packedLocalTwoSpanCandidateComputation,
          packedLocalSpanCandidateComputation, packedMinCandidateComputation,
          packedSummaryComputation, i̵h̵,̵ ̵WordRAM.TraceResult.bind,
  ̵  ̵ ̵ ̵ ̵ ̵ ̵ ̵List.append_assoc]
Note: This linter can be disabled with `set_option linter.unusedSimpArgs false`
warning: RMQ/Core/SuccinctFinal/RAM/PackedCellProbe/ReviewerLogicalSimulation.lean:2209:8: This simp argument is unused:
  packedReviewerInteriorStartGlobalSpan
Hint: Omit it from the simp argument list.
  simp [packedReviewerInteriorFinishCandidate,
  ̵  ̵ ̵ ̵ ̵ ̵ ̵ ̵packedReviewerInteriorStartGlobalTwo,
          packedReviewerInteriorStartG̵l̵o̵b̵a̵l̵S̵p̵a̵n̵,̵
  ̵ ̵ ̵ ̵ ̵ ̵ ̵ ̵ ̵p̵a̵c̵k̵e̵d̵R̵e̵v̵i̵e̵w̵e̵r̵I̵n̵t̵e̵r̵i̵o̵r̵S̵t̵a̵r̵t̵MinCandidate,
  ̵  ̵ ̵ ̵ ̵ ̵ ̵ ̵packedReviewerInteriorReadNat,
          packedReviewerInteriorStateReference,
          packedReviewerInteriorCandidateContinuationComputation,
          packedReviewerInteriorNatContinuationComputation,
          packedReviewerInteriorNatStateReference_start,
  ̵  ̵ ̵ ̵ ̵ ̵ ̵ ̵packedGlobalTwoSpanCandidateComputation,
          packedGlobalSpanCandidateComputation, packedMinCandidateComputation,
          packedSummaryComputation, ih, WordRAM.TraceResult.bind,
  ̵  ̵ ̵ ̵ ̵ ̵ ̵ ̵List.append_assoc]
Note: This linter can be disabled with `set_option linter.unusedSimpArgs false`
warning: RMQ/Core/SuccinctFinal/RAM/PackedCellProbe/ReviewerLogicalSimulation.lean:2210:8: This simp argument is unused:
  packedReviewerInteriorStartMinCandidate
Hint: Omit it from the simp argument list.
  simp [packedReviewerInteriorFinishCandidate,
  ̵  ̵ ̵ ̵ ̵ ̵ ̵ ̵packedReviewerInteriorStartGlobalTwo,
          packedReviewerInteriorStartGlobalSpan,
  ̵  ̵ ̵ ̵ ̵ ̵ ̵ ̵packedReviewerInteriorS̵t̵a̵r̵t̵M̵i̵n̵C̵a̵n̵d̵i̵d̵a̵t̵e̵,̵
  ̵ ̵ ̵ ̵ ̵ ̵ ̵ ̵ ̵p̵a̵c̵k̵e̵d̵Rev̵i̵e̵w̵e̵r̵I̵n̵t̵e̵r̵i̵o̵r̵R̵e̵adNat,
          packedReviewerInteriorStateReference,
          packedReviewerInteriorCandidateContinuationComputation,
          packedReviewerInteriorNatContinuationComputation,
          packedReviewerInteriorNatStateReference_start,
  ̵  ̵ ̵ ̵ ̵ ̵ ̵ ̵packedGlobalTwoSpanCandidateComputation,
          packedGlobalSpanCandidateComputation, packedMinCandidateComputation,
          packedSummaryComputation, ih, WordRAM.TraceResult.bind,
  ̵  ̵ ̵ ̵ ̵ ̵ ̵ ̵List.append_assoc]
Note: This linter can be disabled with `set_option linter.unusedSimpArgs false`
warning: RMQ/Core/SuccinctFinal/RAM/PackedCellProbe/ReviewerLogicalSimulation.lean:2218:34: This simp argument is unused:
  ih
Hint: Omit it from the simp argument list.
  simp [packedReviewerInteriorFinishCandidate,
  ̵  ̵ ̵ ̵ ̵ ̵ ̵ ̵packedReviewerInteriorStartGlobalTwo,
          packedReviewerInteriorStartGlobalSpan,
  ̵  ̵ ̵ ̵ ̵ ̵ ̵ ̵packedReviewerInteriorStartMinCandidate,
          packedReviewerInteriorReadNat,
  ̵  ̵ ̵ ̵ ̵ ̵ ̵ ̵packedReviewerInteriorStateReference,
          packedReviewerInteriorCandidateContinuationComputation,
          packedReviewerInteriorNatContinuationComputation,
          packedReviewerInteriorNatStateReference_start,
  ̵  ̵ ̵ ̵ ̵ ̵ ̵ ̵packedGlobalTwoSpanCandidateComputation,
          packedGlobalSpanCandidateComputation, packedMinCandidateComputation,
          packedSummaryComputation, i̵h̵,̵ ̵WordRAM.TraceResult.bind,
  ̵  ̵ ̵ ̵ ̵ ̵ ̵ ̵List.append_assoc]
Note: This linter can be disabled with `set_option linter.unusedSimpArgs false`
warning: RMQ/Core/SuccinctFinal/RAM/PackedCellProbe/ReviewerLogicalSimulation.lean:2228:8: This simp argument is unused:
  packedReviewerInteriorStartGlobalSpan
Hint: Omit it from the simp argument list.
  simp [packedReviewerInteriorFinishCandidate,
  ̵  ̵ ̵ ̵ ̵ ̵ ̵ ̵packedReviewerInteriorStartGlobalTwo,
          packedReviewerInteriorStartG̵l̵o̵b̵a̵l̵S̵p̵a̵n̵,̵
  ̵ ̵ ̵ ̵ ̵ ̵ ̵ ̵ ̵p̵a̵c̵k̵e̵d̵R̵e̵v̵i̵e̵w̵e̵r̵I̵n̵t̵e̵r̵i̵o̵r̵S̵t̵a̵r̵t̵LocalTwo,
  ̵  ̵ ̵ ̵ ̵ ̵ ̵ ̵packedReviewerInteriorStartLocalSpan,
          packedReviewerInteriorStartMinCandidate,
  ̵  ̵ ̵ ̵ ̵ ̵ ̵ ̵packedReviewerInteriorReadNat,
          packedReviewerInteriorStateReference,
          packedReviewerInteriorCandidateContinuationComputation,
          packedReviewerInteriorNatContinuationComputation,
          packedReviewerInteriorNatStateReference_start,
  ̵  ̵ ̵ ̵ ̵ ̵ ̵ ̵packedGlobalTwoSpanCandidateComputation,
          packedGlobalSpanCandidateComputation,
  ̵  ̵ ̵ ̵ ̵ ̵ ̵ ̵packedLocalTwoSpanCandidateComputation,
          packedLocalSpanCandidateComputation, packedMinCandidateComputation,
          packedSummaryComputation, ih, WordRAM.TraceResult.bind,
  ̵  ̵ ̵ ̵ ̵ ̵ ̵ ̵List.append_assoc]
Note: This linter can be disabled with `set_option linter.unusedSimpArgs false`
warning: RMQ/Core/SuccinctFinal/RAM/PackedCellProbe/ReviewerLogicalSimulation.lean:2229:8: This simp argument is unused:
  packedReviewerInteriorStartLocalTwo
Hint: Omit it from the simp argument list.
  simp [packedReviewerInteriorFinishCandidate,
  ̵  ̵ ̵ ̵ ̵ ̵ ̵ ̵packedReviewerInteriorStartGlobalTwo,
          packedReviewerInteriorStartGlobalSpan,
  ̵  ̵ ̵ ̵ ̵ ̵ ̵ ̵packedReviewerInteriorStartLocalT̵w̵o̵,̵
  ̵ ̵ ̵ ̵ ̵ ̵ ̵ ̵ ̵p̵a̵c̵k̵e̵d̵R̵e̵v̵i̵e̵w̵e̵r̵I̵n̵t̵e̵r̵i̵o̵r̵St̵a̵r̵t̵L̵o̵c̵a̵l̵S̵pan,
          packedReviewerInteriorStartMinCandidate,
  ̵  ̵ ̵ ̵ ̵ ̵ ̵ ̵packedReviewerInteriorReadNat,
          packedReviewerInteriorStateReference,
          packedReviewerInteriorCandidateContinuationComputation,
          packedReviewerInteriorNatContinuationComputation,
          packedReviewerInteriorNatStateReference_start,
  ̵  ̵ ̵ ̵ ̵ ̵ ̵ ̵packedGlobalTwoSpanCandidateComputation,
          packedGlobalSpanCandidateComputation,
  ̵  ̵ ̵ ̵ ̵ ̵ ̵ ̵packedLocalTwoSpanCandidateComputation,
          packedLocalSpanCandidateComputation, packedMinCandidateComputation,
          packedSummaryComputation, ih, WordRAM.TraceResult.bind,
  ̵  ̵ ̵ ̵ ̵ ̵ ̵ ̵List.append_assoc]
Note: This linter can be disabled with `set_option linter.unusedSimpArgs false`
warning: RMQ/Core/SuccinctFinal/RAM/PackedCellProbe/ReviewerLogicalSimulation.lean:2230:8: This simp argument is unused:
  packedReviewerInteriorStartLocalSpan
Hint: Omit it from the simp argument list.
  simp [packedReviewerInteriorFinishCandidate,
  ̵  ̵ ̵ ̵ ̵ ̵ ̵ ̵packedReviewerInteriorStartGlobalTwo,
          packedReviewerInteriorStartGlobalSpan,
  ̵  ̵ ̵ ̵ ̵ ̵ ̵ ̵packedReviewerInteriorStartLocalTwo,
          packedReviewerInteriorStartL̵o̵c̵a̵l̵S̵p̵a̵n̵,̵
  ̵ ̵ ̵ ̵ ̵ ̵ ̵ ̵ ̵p̵a̵c̵k̵e̵d̵R̵e̵v̵i̵e̵w̵e̵r̵I̵n̵t̵e̵r̵i̵o̵r̵S̵t̵a̵r̵t̵MinCandidate,
  ̵  ̵ ̵ ̵ ̵ ̵ ̵ ̵packedReviewerInteriorReadNat,
          packedReviewerInteriorStateReference,
          packedReviewerInteriorCandidateContinuationComputation,
          packedReviewerInteriorNatContinuationComputation,
          packedReviewerInteriorNatStateReference_start,
  ̵  ̵ ̵ ̵ ̵ ̵ ̵ ̵packedGlobalTwoSpanCandidateComputation,
          packedGlobalSpanCandidateComputation,
  ̵  ̵ ̵ ̵ ̵ ̵ ̵ ̵packedLocalTwoSpanCandidateComputation,
          packedLocalSpanCandidateComputation, packedMinCandidateComputation,
          packedSummaryComputation, ih, WordRAM.TraceResult.bind,
  ̵  ̵ ̵ ̵ ̵ ̵ ̵ ̵List.append_assoc]
Note: This linter can be disabled with `set_option linter.unusedSimpArgs false`
warning: RMQ/Core/SuccinctFinal/RAM/PackedCellProbe/ReviewerLogicalSimulation.lean:2231:8: This simp argument is unused:
  packedReviewerInteriorStartMinCandidate
Hint: Omit it from the simp argument list.
  simp [packedReviewerInteriorFinishCandidate,
  ̵  ̵ ̵ ̵ ̵ ̵ ̵ ̵packedReviewerInteriorStartGlobalTwo,
          packedReviewerInteriorStartGlobalSpan,
  ̵  ̵ ̵ ̵ ̵ ̵ ̵ ̵packedReviewerInteriorStartLocalTwo,
          packedReviewerInteriorStartLocalSpan,
  ̵  ̵ ̵ ̵ ̵ ̵ ̵ ̵packedReviewerInteriorS̵t̵a̵r̵t̵M̵i̵n̵C̵a̵n̵d̵i̵d̵a̵t̵e̵,̵
  ̵ ̵ ̵ ̵ ̵ ̵ ̵ ̵ ̵p̵a̵c̵k̵e̵d̵Rev̵i̵e̵w̵e̵r̵I̵n̵t̵e̵r̵i̵o̵r̵R̵e̵adNat,
          packedReviewerInteriorStateReference,
          packedReviewerInteriorCandidateContinuationComputation,
          packedReviewerInteriorNatContinuationComputation,
          packedReviewerInteriorNatStateReference_start,
  ̵  ̵ ̵ ̵ ̵ ̵ ̵ ̵packedGlobalTwoSpanCandidateComputation,
          packedGlobalSpanCandidateComputation,
  ̵  ̵ ̵ ̵ ̵ ̵ ̵ ̵packedLocalTwoSpanCandidateComputation,
          packedLocalSpanCandidateComputation, packedMinCandidateComputation,
          packedSummaryComputation, ih, WordRAM.TraceResult.bind,
  ̵  ̵ ̵ ̵ ̵ ̵ ̵ ̵List.append_assoc]
Note: This linter can be disabled with `set_option linter.unusedSimpArgs false`
warning: RMQ/Core/SuccinctFinal/RAM/PackedCellProbe/ReviewerLogicalSimulation.lean:2241:34: This simp argument is unused:
  ih
Hint: Omit it from the simp argument list.
  simp [packedReviewerInteriorFinishCandidate,
  ̵  ̵ ̵ ̵ ̵ ̵ ̵ ̵packedReviewerInteriorStartGlobalTwo,
          packedReviewerInteriorStartGlobalSpan,
  ̵  ̵ ̵ ̵ ̵ ̵ ̵ ̵packedReviewerInteriorStartLocalTwo,
          packedReviewerInteriorStartLocalSpan,
  ̵  ̵ ̵ ̵ ̵ ̵ ̵ ̵packedReviewerInteriorStartMinCandidate,
          packedReviewerInteriorReadNat,
  ̵  ̵ ̵ ̵ ̵ ̵ ̵ ̵packedReviewerInteriorStateReference,
          packedReviewerInteriorCandidateContinuationComputation,
          packedReviewerInteriorNatContinuationComputation,
          packedReviewerInteriorNatStateReference_start,
  ̵  ̵ ̵ ̵ ̵ ̵ ̵ ̵packedGlobalTwoSpanCandidateComputation,
          packedGlobalSpanCandidateComputation,
  ̵  ̵ ̵ ̵ ̵ ̵ ̵ ̵packedLocalTwoSpanCandidateComputation,
          packedLocalSpanCandidateComputation, packedMinCandidateComputation,
          packedSummaryComputation, i̵h̵,̵ ̵WordRAM.TraceResult.bind,
  ̵  ̵ ̵ ̵ ̵ ̵ ̵ ̵List.append_assoc]
Note: This linter can be disabled with `set_option linter.unusedSimpArgs false`
warning: RMQ/Core/SuccinctFinal/RAM/PackedCellProbe/ReviewerLogicalSimulation.lean:2247:8: This simp argument is unused:
  packedReviewerInteriorStartLocalSpan
Hint: Omit it from the simp argument list.
  simp [packedReviewerInteriorFinishCandidate,
  ̵  ̵ ̵ ̵ ̵ ̵ ̵ ̵packedReviewerInteriorStartLocalTwo,
          packedReviewerInteriorStartL̵o̵c̵a̵l̵S̵p̵a̵n̵,̵
  ̵ ̵ ̵ ̵ ̵ ̵ ̵ ̵ ̵p̵a̵c̵k̵e̵d̵R̵e̵v̵i̵e̵w̵e̵r̵I̵n̵t̵e̵r̵i̵o̵r̵S̵t̵a̵r̵t̵MinCandidate,
  ̵  ̵ ̵ ̵ ̵ ̵ ̵ ̵packedReviewerInteriorReadNat,
          packedReviewerInteriorStateReference,
          packedReviewerInteriorCandidateContinuationComputation,
          packedReviewerInteriorNatContinuationComputation,
          packedReviewerInteriorNatStateReference_start,
  ̵  ̵ ̵ ̵ ̵ ̵ ̵ ̵packedLocalTwoSpanCandidateComputation,
          packedLocalSpanCandidateComputation, packedMinCandidateComputation,
          packedSummaryComputation, ih, WordRAM.TraceResult.bind,
  ̵  ̵ ̵ ̵ ̵ ̵ ̵ ̵List.append_assoc]
Note: This linter can be disabled with `set_option linter.unusedSimpArgs false`
warning: RMQ/Core/SuccinctFinal/RAM/PackedCellProbe/ReviewerLogicalSimulation.lean:2248:8: This simp argument is unused:
  packedReviewerInteriorStartMinCandidate
Hint: Omit it from the simp argument list.
  simp [packedReviewerInteriorFinishCandidate,
  ̵  ̵ ̵ ̵ ̵ ̵ ̵ ̵packedReviewerInteriorStartLocalTwo,
          packedReviewerInteriorStartLocalSpan,
  ̵  ̵ ̵ ̵ ̵ ̵ ̵ ̵packedReviewerInteriorS̵t̵a̵r̵t̵M̵i̵n̵C̵a̵n̵d̵i̵d̵a̵t̵e̵,̵
  ̵ ̵ ̵ ̵ ̵ ̵ ̵ ̵ ̵p̵a̵c̵k̵e̵d̵Rev̵i̵e̵w̵e̵r̵I̵n̵t̵e̵r̵i̵o̵r̵R̵e̵adNat,
          packedReviewerInteriorStateReference,
          packedReviewerInteriorCandidateContinuationComputation,
          packedReviewerInteriorNatContinuationComputation,
          packedReviewerInteriorNatStateReference_start,
  ̵  ̵ ̵ ̵ ̵ ̵ ̵ ̵packedLocalTwoSpanCandidateComputation,
          packedLocalSpanCandidateComputation, packedMinCandidateComputation,
          packedSummaryComputation, ih, WordRAM.TraceResult.bind,
  ̵  ̵ ̵ ̵ ̵ ̵ ̵ ̵List.append_assoc]
Note: This linter can be disabled with `set_option linter.unusedSimpArgs false`
warning: RMQ/Core/SuccinctFinal/RAM/PackedCellProbe/ReviewerLogicalSimulation.lean:2256:34: This simp argument is unused:
  ih
Hint: Omit it from the simp argument list.
  simp [packedReviewerInteriorFinishCandidate,
  ̵  ̵ ̵ ̵ ̵ ̵ ̵ ̵packedReviewerInteriorStartLocalTwo,
          packedReviewerInteriorStartLocalSpan,
  ̵  ̵ ̵ ̵ ̵ ̵ ̵ ̵packedReviewerInteriorStartMinCandidate,
          packedReviewerInteriorReadNat,
  ̵  ̵ ̵ ̵ ̵ ̵ ̵ ̵packedReviewerInteriorStateReference,
          packedReviewerInteriorCandidateContinuationComputation,
          packedReviewerInteriorNatContinuationComputation,
          packedReviewerInteriorNatStateReference_start,
  ̵  ̵ ̵ ̵ ̵ ̵ ̵ ̵packedLocalTwoSpanCandidateComputation,
          packedLocalSpanCandidateComputation, packedMinCandidateComputation,
          packedSummaryComputation, i̵h̵,̵ ̵WordRAM.TraceResult.bind,
  ̵  ̵ ̵ ̵ ̵ ̵ ̵ ̵List.append_assoc]
Note: This linter can be disabled with `set_option linter.unusedSimpArgs false`
warning: RMQ/Core/SuccinctFinal/RAM/PackedCellProbe/ReviewerLogicalSimulation.lean:2280:34: This simp argument is unused:
  List.append_assoc
Hint: Omit it from the simp argument list.
  simp [packedReviewerInteriorFinishNat,
  ̵  ̵ ̵ ̵ ̵ ̵ ̵ ̵packedReviewerInteriorReadNat,
          packedReviewerInteriorStateReference,
  ̵  ̵ ̵ ̵ ̵ ̵ ̵ ̵packedReviewerInteriorNatContinuationComputation,
          packedReviewerInteriorNatStateReference_start,
  ̵  ̵ ̵ ̵ ̵ ̵ ̵ ̵WordRAM.TraceResult.bind,̵ ̵L̵i̵s̵t̵.̵a̵p̵p̵e̵n̵d̵_̵a̵s̵s̵o̵c̵]
Note: This linter can be disabled with `set_option linter.unusedSimpArgs false`
warning: RMQ/Core/SuccinctFinal/RAM/PackedCellProbe/ReviewerLogicalSimulation.lean:2287:34: This simp argument is unused:
  List.append_assoc
Hint: Omit it from the simp argument list.
  simp [packedReviewerInteriorFinishNat,
  ̵  ̵ ̵ ̵ ̵ ̵ ̵ ̵packedReviewerInteriorReadNat,
          packedReviewerInteriorStateReference,
  ̵  ̵ ̵ ̵ ̵ ̵ ̵ ̵packedReviewerInteriorNatContinuationComputation,
          packedReviewerInteriorNatStateReference_start,
  ̵  ̵ ̵ ̵ ̵ ̵ ̵ ̵WordRAM.TraceResult.bind,̵ ̵L̵i̵s̵t̵.̵a̵p̵p̵e̵n̵d̵_̵a̵s̵s̵o̵c̵]
Note: This linter can be disabled with `set_option linter.unusedSimpArgs false`
warning: RMQ/Core/SuccinctFinal/RAM/PackedCellProbe/ReviewerLogicalSimulation.lean:2294:34: This simp argument is unused:
  List.append_assoc
Hint: Omit it from the simp argument list.
  simp [packedReviewerInteriorFinishNat,
  ̵  ̵ ̵ ̵ ̵ ̵ ̵ ̵packedReviewerInteriorReadNat,
          packedReviewerInteriorStateReference,
  ̵  ̵ ̵ ̵ ̵ ̵ ̵ ̵packedReviewerInteriorNatContinuationComputation,
          packedReviewerInteriorNatStateReference_start,
  ̵  ̵ ̵ ̵ ̵ ̵ ̵ ̵WordRAM.TraceResult.bind,̵ ̵L̵i̵s̵t̵.̵a̵p̵p̵e̵n̵d̵_̵a̵s̵s̵o̵c̵]
Note: This linter can be disabled with `set_option linter.unusedSimpArgs false`
warning: RMQ/Core/SuccinctFinal/RAM/PackedCellProbe/ReviewerLogicalSimulation.lean:2318:12: This simp argument is unused:
  packedReviewerInteriorCandidateContinuationComputation
Hint: Omit it from the simp argument list.
  simp [packedReviewerInteriorFinishNat, packedReviewerInteriorStartMinCandidate,
              packedReviewerInteriorReadNat, packedReviewerInteriorStateReference,
              packedReviewerInteriorNatContinuationComputation,
              p̵a̵c̵k̵e̵d̵R̵e̵v̵i̵e̵w̵e̵r̵I̵n̵t̵e̵r̵i̵o̵r̵C̵a̵n̵d̵i̵d̵a̵t̵e̵C̵o̵n̵t̵i̵n̵u̵a̵t̵i̵o̵n̵C̵o̵m̵p̵u̵t̵a̵t̵i̵o̵n̵,̵packedReviewerInteriorNatStateReference_start, packedMinCandidateComputation,
              packedSummaryComputation, WordRAM.TraceResult.bind, List.append_assoc]
Note: This linter can be disabled with `set_option linter.unusedSimpArgs false`
warning: RMQ/Core/SuccinctFinal/RAM/PackedCellProbe/ReviewerLogicalSimulation.lean:2336:12: This simp argument is unused:
  packedReviewerInteriorCandidateContinuationComputation
Hint: Omit it from the simp argument list.
  simp [packedReviewerInteriorFinishNat, packedReviewerInteriorStartMinCandidate,
              packedReviewerInteriorReadNat, packedReviewerInteriorStateReference,
              packedReviewerInteriorNatContinuationComputation,
              p̵a̵c̵k̵e̵d̵R̵e̵v̵i̵e̵w̵e̵r̵I̵n̵t̵e̵r̵i̵o̵r̵C̵a̵n̵d̵i̵d̵a̵t̵e̵C̵o̵n̵t̵i̵n̵u̵a̵t̵i̵o̵n̵C̵o̵m̵p̵u̵t̵a̵t̵i̵o̵n̵,̵packedReviewerInteriorNatStateReference_start, packedMinCandidateComputation,
              packedSummaryComputation, WordRAM.TraceResult.bind, List.append_assoc]
Note: This linter can be disabled with `set_option linter.unusedSimpArgs false`
warning: RMQ/Core/SuccinctFinal/RAM/PackedCellProbe/ReviewerLogicalSimulation.lean:2358:12: This simp argument is unused:
  packedReviewerInteriorStateReference_finishCandidate
Hint: Omit it from the simp argument list.
  simp [packedReviewerInteriorFinishNat, packedReviewerInteriorStartLocalSpan,
              packedReviewerInteriorReadNat, packedReviewerInteriorStateReference,
              packedReviewerInteriorNatContinuationComputation,
              packedReviewerInteriorCandidateContinuationComputation,
              packedReviewerInteriorNatStateReference_start, packedLocalSpanCandidateComputation,
              packedMinCandidateComputation, packedSummaryComputation, p̵a̵c̵k̵e̵d̵R̵e̵v̵i̵e̵w̵e̵r̵I̵n̵t̵e̵r̵i̵o̵r̵S̵t̵a̵t̵e̵R̵e̵f̵e̵r̵e̵n̵c̵e̵_̵f̵i̵n̵i̵s̵h̵C̵a̵n̵d̵i̵d̵a̵t̵e̵,̵WordRAM.TraceResult.bind,
              List.append_assoc]
Note: This linter can be disabled with `set_option linter.unusedSimpArgs false`
warning: RMQ/Core/SuccinctFinal/RAM/PackedCellProbe/ReviewerLogicalSimulation.lean:2379:12: This simp argument is unused:
  packedReviewerInteriorStateReference_finishCandidate
Hint: Omit it from the simp argument list.
  simp [packedReviewerInteriorFinishNat, packedReviewerInteriorStartGlobalSpan,
              packedReviewerInteriorReadNat, packedReviewerInteriorStateReference,
              packedReviewerInteriorNatContinuationComputation,
              packedReviewerInteriorCandidateContinuationComputation,
              packedReviewerInteriorNatStateReference_start, packedGlobalSpanCandidateComputation,
              packedMinCandidateComputation, packedSummaryComputation, p̵a̵c̵k̵e̵d̵R̵e̵v̵i̵e̵w̵e̵r̵I̵n̵t̵e̵r̵i̵o̵r̵S̵t̵a̵t̵e̵R̵e̵f̵e̵r̵e̵n̵c̵e̵_̵f̵i̵n̵i̵s̵h̵C̵a̵n̵d̵i̵d̵a̵t̵e̵,̵WordRAM.TraceResult.bind,
              List.append_assoc]
Note: This linter can be disabled with `set_option linter.unusedSimpArgs false`
warning: RMQ/Core/SuccinctFinal/RAM/PackedCellProbe/ReviewerLogicalSimulation.lean:2844:8: This simp argument is unused:
  List.append_assoc
Hint: Omit it from the simp argument list.
  simp [packedReviewerInteriorStartLocalTwo, packedReviewerInteriorReadNat,
          packedReviewerInteriorStateReference, packedReviewerInteriorNatStateReference_start,
          packedReviewerInteriorNatContinuationComputation,
          packedReviewerInteriorCandidateContinuationComputation,
          packedLocalTwoSpanCandidateComputation, packedLocalSpanCandidateComputation,
  ̲  ̲ ̲ ̲ ̲ ̲ ̲ ̲packedMinCandidateComputation, packedSummaryComputation, W̵o̵r̵d̵R̵A̵M̵.̵T̵r̵a̵c̵e̵R̵e̵s̵u̵l̵t̵.̵b̵i̵n̵d̵,̵
  ̵ ̵ ̵ ̵ ̵ ̵ ̵ ̵ ̵L̵i̵s̵t̵.̵a̵p̵p̵e̵n̵d̵_̵a̵s̵s̵o̵c̵]̵W̲o̲r̲d̲R̲A̲M̲.̲T̲r̲a̲c̲e̲R̲e̲s̲u̲l̲t̲.̲b̲i̲n̲d̲]̲
Note: This linter can be disabled with `set_option linter.unusedSimpArgs false`
warning: RMQ/Core/SuccinctFinal/RAM/PackedCellProbe/ReviewerLogicalSimulation.lean:3088:10: This simp argument is unused:
  packedReviewerDriveLca
Hint: Omit it from the simp argument list.
  simp [̵p̵a̵c̵k̵e̵d̵R̵e̵v̵i̵e̵w̵e̵r̵D̵r̵i̵v̵e̵L̵c̵a̵,̵ ̵p̵a̵c̵k̵e̵d̵R̵e̵v̵i̵e̵w̵e̵r̵D̵r̵i̵v̵e̵C̵o̵m̵p̵o̵n̵e̵n̵t̵,̵[̲p̲a̲c̲k̲e̲d̲R̲e̲v̲i̲e̲w̲e̲r̲D̲r̲i̲v̲e̲C̲o̲m̲p̲o̲n̲e̲n̲t̲,̲ PackedReviewerComponentRun.Simulates,
  ̲  ̲ ̲ ̲packedReviewerLcaResult, WordRAM.TraceResult.pure]
Note: This linter can be disabled with `set_option linter.unusedSimpArgs false`
warning: RMQ/Core/SuccinctFinal/RAM/PackedCellProbe/ReviewerLogicalSimulation.lean:3300:10: This simp argument is unused:
  packedReviewerDriveLca
Hint: Omit it from the simp argument list.
  simp [̵p̵a̵c̵k̵e̵d̵R̵e̵v̵i̵e̵w̵e̵r̵D̵r̵i̵v̵e̵L̵c̵a̵,̵ ̵p̵a̵c̵k̵e̵d̵R̵e̵v̵i̵e̵w̵e̵r̵D̵r̵i̵v̵e̵C̵o̵m̵p̵o̵n̵e̵n̵t̵,̵[̲p̲a̲c̲k̲e̲d̲R̲e̲v̲i̲e̲w̲e̲r̲D̲r̲i̲v̲e̲C̲o̲m̲p̲o̲n̲e̲n̲t̲,̲ PackedReviewerComponentRun.Simulates,
  ̲  ̲ ̲ ̲packedReviewerLcaResult, WordRAM.TraceResult.pure]
Note: This linter can be disabled with `set_option linter.unusedSimpArgs false`
warning: RMQ/Core/SuccinctFinal/RAM/PackedCellProbe/ReviewerLogicalSimulation.lean:3409:8: unused variable `seedPos`
Note: This linter can be disabled with `set_option linter.unusedVariables false`
warning: RMQ/Core/SuccinctFinal/RAM/PackedCellProbe/ReviewerLogicalSimulation.lean:4309:63: This simp argument is unused:
  hnext
Hint: Omit it from the simp argument list.
  simp ̵[̵h̵n̵e̵x̵t̵]̵
Note: This linter can be disabled with `set_option linter.unusedSimpArgs false`
warning: RMQ/Core/SuccinctFinal/RAM/PackedCellProbe/ReviewerLogicalSimulation.lean:4353:63: This simp argument is unused:
  hnext
Hint: Omit it from the simp argument list.
  simp ̵[̵h̵n̵e̵x̵t̵]̵
Note: This linter can be disabled with `set_option linter.unusedSimpArgs false`
warning: RMQ/Core/SuccinctFinal/RAM/PackedCellProbe/ReviewerLogicalSimulation.lean:4387:16: This simp argument is unused:
  packedReviewerDriveSelect
Hint: Omit it from the simp argument list.
  simp [̵p̵a̵c̵k̵e̵d̵R̵e̵v̵i̵e̵w̵e̵r̵D̵r̵i̵v̵e̵S̵e̵l̵e̵c̵t̵,̵ ̵p̵a̵c̵k̵e̵d̵R̵e̵v̵i̵e̵w̵e̵r̵D̵r̵i̵v̵e̵C̵o̵m̵p̵o̵n̵e̵n̵t̵,̵[̲p̲a̲c̲k̲e̲d̲R̲e̲v̲i̲e̲w̲e̲r̲D̲r̲i̲v̲e̲C̲o̲m̲p̲o̲n̲e̲n̲t̲,̲ packedReviewerSelectResult,
  ̲  ̲ ̲ ̲ ̲ ̲ ̲ ̲PackedReviewerComponentRun.Simulates, WordRAM.TraceResult.pure]
Note: This linter can be disabled with `set_option linter.unusedSimpArgs false`
warning: RMQ/Core/SuccinctFinal/RAM/PackedCellProbe/ReviewerLogicalSimulation.lean:4396:16: This simp argument is unused:
  hnext
Hint: Omit it from the simp argument list.
  simp [h̵n̵e̵x̵t̵,̵ ̵finish]
Note: This linter can be disabled with `set_option linter.unusedSimpArgs false`
warning: RMQ/Core/SuccinctFinal/RAM/PackedCellProbe/ReviewerLogicalSimulation.lean:4431:16: This simp argument is unused:
  packedReviewerDriveSelect
Hint: Omit it from the simp argument list.
  simp [̵p̵a̵c̵k̵e̵d̵R̵e̵v̵i̵e̵w̵e̵r̵D̵r̵i̵v̵e̵S̵e̵l̵e̵c̵t̵,̵ ̵p̵a̵c̵k̵e̵d̵R̵e̵v̵i̵e̵w̵e̵r̵D̵r̵i̵v̵e̵C̵o̵m̵p̵o̵n̵e̵n̵t̵,̵[̲p̲a̲c̲k̲e̲d̲R̲e̲v̲i̲e̲w̲e̲r̲D̲r̲i̲v̲e̲C̲o̲m̲p̲o̲n̲e̲n̲t̲,̲ packedReviewerSelectResult,
  ̲  ̲ ̲ ̲ ̲ ̲ ̲ ̲PackedReviewerComponentRun.Simulates, WordRAM.TraceResult.pure]
Note: This linter can be disabled with `set_option linter.unusedSimpArgs false`
warning: RMQ/Core/SuccinctFinal/RAM/PackedCellProbe/ReviewerLogicalSimulation.lean:4440:16: This simp argument is unused:
  hnext
Hint: Omit it from the simp argument list.
  simp [h̵n̵e̵x̵t̵,̵ ̵finish]
Note: This linter can be disabled with `set_option linter.unusedSimpArgs false`
warning: RMQ/Core/SuccinctFinal/RAM/PackedCellProbe/ReviewerLogicalSimulation.lean:4527:10: This simp argument is unused:
  selectState
Hint: Omit it from the simp argument list.
  simp [s̵e̵l̵e̵ct̵S̵t̵a̵t̵e̵,̵ ̵c̵ount, hcount, packedReviewerWordSelectStart,
  ̵  ̵ ̵ ̵ ̵ ̵packedReviewerWordSelectResult,
  ̲  ̲ ̲ ̲packedReviewerDriveSelect,
  ̵  ̵ ̵ ̵ ̵ ̵packedReviewerDriveComponent, packedReviewerSelectResult, reference,
       ̵ ̵SuccinctClose.bpChunkedWordSelectTraceResultAtSegmentsWithStore,
       ̵ ̵SuccinctClose.bpChunkedWordSelectTraceFromWithStore,
  ̵  ̵ ̵ ̵ ̵ ̵WordRAM.TraceResult.map,
  ̲  ̲ ̲ ̲WordRAM.TraceResult.bind,
  ̵  ̵ ̵ ̵ ̵ ̵WordRAM.TraceResult.pure, PackedReviewerComponentRun.Simulates]
Note: This linter can be disabled with `set_option linter.unusedSimpArgs false`
warning: RMQ/Core/SuccinctFinal/RAM/PackedCellProbe/ReviewerLogicalSimulation.lean:4529:64: This simp argument is unused:
  reference
Hint: Omit it from the simp argument list.
  simp [selectState, count, hcount, packedReviewerWordSelectStart,
       ̵ ̵packedReviewerWordSelectResult, packedReviewerDriveSelect,
  ̵  ̵ ̵ ̵ ̵ ̵packedReviewerDriveComponent,
  ̲  ̲ ̲ ̲packedReviewerSelectResult, r̵e̵f̵e̵r̵e̵n̵c̵e̵,̵
  ̵ ̵ ̵ ̵ ̵ ̵ ̵SuccinctClose.bpChunkedWordSelectTraceResultAtSegmentsWithStore,
       ̵ ̵SuccinctClose.bpChunkedWordSelectTraceFromWithStore,
  ̵  ̵ ̵ ̵ ̵ ̵WordRAM.TraceResult.map,
  ̲  ̲ ̲ ̲WordRAM.TraceResult.bind,
  ̵  ̵ ̵ ̵ ̵ ̵WordRAM.TraceResult.pure, PackedReviewerComponentRun.Simulates]
Note: This linter can be disabled with `set_option linter.unusedSimpArgs false`
warning: RMQ/Core/SuccinctFinal/RAM/PackedCellProbe/ReviewerLogicalSimulation.lean:4590:10: This simp argument is unused:
  selectState
Hint: Omit it from the simp argument list.
  simp [s̵e̵l̵e̵ct̵S̵t̵a̵t̵e̵,̵ ̵c̵ount, hcount, packedReviewerWordSelectStart,
  ̵  ̵ ̵ ̵ ̵ ̵packedReviewerWordSelectResult,
  ̲  ̲ ̲ ̲packedReviewerDriveSelect,
  ̵  ̵ ̵ ̵ ̵ ̵packedReviewerDriveComponent, packedReviewerSelectResult, reference,
       ̵ ̵SuccinctClose.bpChunkedWordSelectTraceResultAtSegmentsWithStore,
       ̵ ̵SuccinctClose.bpChunkedWordSelectTraceFromWithStore,
  ̵  ̵ ̵ ̵ ̵ ̵WordRAM.TraceResult.map,
  ̲  ̲ ̲ ̲WordRAM.TraceResult.bind,
  ̵  ̵ ̵ ̵ ̵ ̵WordRAM.TraceResult.pure, PackedReviewerComponentRun.Simulates]
Note: This linter can be disabled with `set_option linter.unusedSimpArgs false`
warning: RMQ/Core/SuccinctFinal/RAM/PackedCellProbe/ReviewerLogicalSimulation.lean:4592:64: This simp argument is unused:
  reference
Hint: Omit it from the simp argument list.
  simp [selectState, count, hcount, packedReviewerWordSelectStart,
       ̵ ̵packedReviewerWordSelectResult, packedReviewerDriveSelect,
  ̵  ̵ ̵ ̵ ̵ ̵packedReviewerDriveComponent,
  ̲  ̲ ̲ ̲packedReviewerSelectResult, r̵e̵f̵e̵r̵e̵n̵c̵e̵,̵
  ̵ ̵ ̵ ̵ ̵ ̵ ̵SuccinctClose.bpChunkedWordSelectTraceResultAtSegmentsWithStore,
       ̵ ̵SuccinctClose.bpChunkedWordSelectTraceFromWithStore,
  ̵  ̵ ̵ ̵ ̵ ̵WordRAM.TraceResult.map,
  ̲  ̲ ̲ ̲WordRAM.TraceResult.bind,
  ̵  ̵ ̵ ̵ ̵ ̵WordRAM.TraceResult.pure, PackedReviewerComponentRun.Simulates]
Note: This linter can be disabled with `set_option linter.unusedSimpArgs false`
warning: RMQ/Core/SuccinctFinal/RAM/PackedCellProbe/ReviewerLogicalSimulation.lean:4677:36: This simp argument is unused:
  hreply
Hint: Omit it from the simp argument list.
  simp [after, continuation, packedReviewerSelectAfterDenseSecondWord,
            packedReviewerDriveSelect, packedReviewerDriveComponent,
  ̵  ̵ ̵ ̵ ̵ ̵ ̵ ̵ ̵ ̵packedReviewerSelectResult,
  ̲  ̲ ̲ ̲ ̲ ̲ ̲ ̲ ̲ ̲PackedReviewerComponentRun.Simulates,
  ̵  ̵ ̵ ̵ ̵ ̵ ̵ ̵ ̵ ̵WordRAM.TraceResult.pure,̵ ̵h̵r̵e̵p̵l̵y̵]
Note: This linter can be disabled with `set_option linter.unusedSimpArgs false`
warning: RMQ/Core/SuccinctFinal/RAM/PackedCellProbe/ReviewerLogicalSimulation.lean:5077:40: This simp argument is unused:
  hreply
Hint: Omit it from the simp argument list.
  simp [after, continuation, packedReviewerSelectAfterDenseFirstWord,
                packedReviewerDriveSelect, packedReviewerDriveComponent, packedReviewerSelectResult,
  ̲  ̲ ̲ ̲ ̲ ̲ ̲ ̲ ̲ ̲ ̲ ̲ ̲ ̲PackedReviewerComponentRun.Simulates, W̵o̵r̵d̵R̵A̵M̵.̵T̵r̵a̵c̵e̵R̵e̵s̵u̵l̵t̵.̵p̵u̵r̵e̵,̵ ̵h̵r̵e̵p̵l̵y̵]̵W̲o̲r̲d̲R̲A̲M̲.̲T̲r̲a̲c̲e̲R̲e̲s̲u̲l̲t̲.̲p̲u̲r̲e̲]̲
Note: This linter can be disabled with `set_option linter.unusedSimpArgs false`
warning: RMQ/Core/SuccinctFinal/RAM/PackedCellProbe/ReviewerLogicalSimulation.lean:5140:63: This simp argument is unused:
  hnext
Hint: Omit it from the simp argument list.
  simp ̵[̵h̵n̵e̵x̵t̵]̵
Note: This linter can be disabled with `set_option linter.unusedSimpArgs false`
warning: RMQ/Core/SuccinctFinal/RAM/PackedCellProbe/ReviewerLogicalSimulation.lean:5197:63: This simp argument is unused:
  hnext
Hint: Omit it from the simp argument list.
  simp ̵[̵h̵n̵e̵x̵t̵]̵
Note: This linter can be disabled with `set_option linter.unusedSimpArgs false`
warning: RMQ/Core/SuccinctFinal/RAM/PackedCellProbe/ReviewerLogicalSimulation.lean:5760:10: This simp argument is unused:
  packedReviewerAfterLcaReference
Hint: Omit it from the simp argument list.
  simp [packedWholeQueryRun, concreteBPNativeSuccinctRMQWholeQueryProgram, packedProgramRun,
            packedInstrStep, packedReviewerAfterLeftSelectReference,
            packedReviewerAfterRightSelectReference, p̵a̵c̵k̵e̵d̵R̵e̵v̵i̵e̵w̵e̵r̵A̵f̵t̵e̵r̵L̵c̵a̵R̵e̵f̵e̵r̵e̵n̵c̵e̵,̵ ̵WholeQueryState.empty, WholeQueryState.setOpt,
  ̲  ̲ ̲ ̲ ̲ ̲ ̲ ̲ ̲ ̲WholeQueryState.setNat, WholeQueryState.opt, WholeQueryState.nat, WholeQueryNatExpr.eval,
            WordRAM.TraceResult.map, WordRAM.TraceResult.bind, WordRAM.TraceResult.pure, hleft,
  ̲  ̲ ̲ ̲ ̲ ̲ ̲ ̲ ̲ ̲hright, List.append_assoc]
Note: This linter can be disabled with `set_option linter.unusedSimpArgs false`
warning: RMQ/Core/SuccinctFinal/RAM/PackedCellProbe/ReviewerLogicalSimulation.lean:5761:34: This simp argument is unused:
  WholeQueryState.setNat
Hint: Omit it from the simp argument list.
  simp [packedWholeQueryRun,
  ̵  ̵ ̵ ̵ ̵ ̵ ̵ ̵ ̵ ̵concreteBPNativeSuccinctRMQWholeQueryProgram, packedProgramRun,
            packedInstrStep, packedReviewerAfterLeftSelectReference,
            packedReviewerAfterRightSelectReference,
  ̵  ̵ ̵ ̵ ̵ ̵ ̵ ̵ ̵ ̵packedReviewerAfterLcaReference,
  ̲  ̲ ̲ ̲ ̲ ̲ ̲ ̲ ̲ ̲WholeQueryState.empty,
  ̵  ̵ ̵ ̵ ̵ ̵ ̵ ̵ ̵ ̵WholeQueryState.setOpt, WholeQueryState.s̵e̵t̵N̵a̵t̵,̵
  ̵ ̵ ̵ ̵ ̵ ̵ ̵ ̵ ̵ ̵ ̵W̵h̵ol̵e̵Q̵u̵e̵r̵y̵S̵t̵a̵t̵e̵.̵o̵pt, WholeQueryState.nat,
  ̲  ̲ ̲ ̲ ̲ ̲ ̲ ̲ ̲ ̲WholeQueryNatExpr.eval,
  ̵  ̵ ̵ ̵ ̵ ̵ ̵ ̵ ̵ ̵WordRAM.TraceResult.map, WordRAM.TraceResult.bind,
            WordRAM.TraceResult.pure, hleft, hright, List.append_assoc]
Note: This linter can be disabled with `set_option linter.unusedSimpArgs false`
warning: RMQ/Core/SuccinctFinal/RAM/PackedCellProbe/ReviewerLogicalSimulation.lean:5762:31: This simp argument is unused:
  WholeQueryState.nat
Hint: Omit it from the simp argument list.
  simp [packedWholeQueryRun,
  ̵  ̵ ̵ ̵ ̵ ̵ ̵ ̵ ̵ ̵concreteBPNativeSuccinctRMQWholeQueryProgram, packedProgramRun,
            packedInstrStep, packedReviewerAfterLeftSelectReference,
            packedReviewerAfterRightSelectReference,
  ̵  ̵ ̵ ̵ ̵ ̵ ̵ ̵ ̵ ̵packedReviewerAfterLcaReference,
  ̲  ̲ ̲ ̲ ̲ ̲ ̲ ̲ ̲ ̲WholeQueryState.empty,
  ̵  ̵ ̵ ̵ ̵ ̵ ̵ ̵ ̵ ̵WholeQueryState.setOpt, WholeQueryState.setNat,
            WholeQueryState.opt, WholeQueryS̵t̵a̵t̵e̵.̵n̵a̵t̵,̵ ̵W̵h̵o̵l̵e̵Q̵u̵e̵r̵y̵NatExpr.eval,
  ̵  ̵ ̵ ̵ ̵ ̵ ̵ ̵ ̵ ̵WordRAM.TraceResult.map,
  ̲  ̲ ̲ ̲ ̲ ̲ ̲ ̲ ̲ ̲WordRAM.TraceResult.bind,
  ̵  ̵ ̵ ̵ ̵ ̵ ̵ ̵ ̵ ̵WordRAM.TraceResult.pure, hleft, hright, List.append_assoc]
Note: This linter can be disabled with `set_option linter.unusedSimpArgs false`
warning: RMQ/Core/SuccinctFinal/RAM/PackedCellProbe/ReviewerLogicalSimulation.lean:5764:51: This simp argument is unused:
  List.append_assoc
Hint: Omit it from the simp argument list.
  simp [packedWholeQueryRun,
  ̵  ̵ ̵ ̵ ̵ ̵ ̵ ̵ ̵ ̵concreteBPNativeSuccinctRMQWholeQueryProgram, packedProgramRun,
            packedInstrStep, packedReviewerAfterLeftSelectReference,
            packedReviewerAfterRightSelectReference,
  ̵  ̵ ̵ ̵ ̵ ̵ ̵ ̵ ̵ ̵packedReviewerAfterLcaReference,
  ̲  ̲ ̲ ̲ ̲ ̲ ̲ ̲ ̲ ̲WholeQueryState.empty,
  ̵  ̵ ̵ ̵ ̵ ̵ ̵ ̵ ̵ ̵WholeQueryState.setOpt, WholeQueryState.setNat,
            WholeQueryState.opt, WholeQueryState.nat, WholeQueryNatExpr.eval,
  ̵  ̵ ̵ ̵ ̵ ̵ ̵ ̵ ̵ ̵WordRAM.TraceResult.map,
  ̲  ̲ ̲ ̲ ̲ ̲ ̲ ̲ ̲ ̲WordRAM.TraceResult.bind,
  ̵  ̵ ̵ ̵ ̵ ̵ ̵ ̵ ̵ ̵WordRAM.TraceResult.pure, hleft, hright,̵ ̵L̵i̵s̵t̵.̵a̵p̵p̵e̵n̵d̵_̵a̵s̵s̵o̵c̵]
Note: This linter can be disabled with `set_option linter.unusedSimpArgs false`
warning: RMQ/Core/SuccinctFinal/RAM/PackedCellProbe/ReviewerLogicalSimulation.lean:5773:12: This simp argument is unused:
  packedReviewerAfterLcaReference
Hint: Omit it from the simp argument list.
  simp [packedWholeQueryRun, concreteBPNativeSuccinctRMQWholeQueryProgram, packedProgramRun,
              packedInstrStep, packedReviewerAfterLeftSelectReference,
              packedReviewerAfterRightSelectReference, p̵a̵c̵k̵e̵d̵R̵e̵v̵i̵e̵w̵e̵r̵A̵f̵t̵e̵r̵L̵c̵a̵R̵e̵f̵e̵r̵e̵n̵c̵e̵,̵ ̵WholeQueryState.empty, WholeQueryState.setOpt,
  ̲  ̲ ̲ ̲ ̲ ̲ ̲ ̲ ̲ ̲ ̲ ̲WholeQueryState.setNat, WholeQueryState.opt, WholeQueryState.nat,
              WholeQueryNatExpr.eval, WordRAM.TraceResult.map, WordRAM.TraceResult.bind,
  ̲  ̲ ̲ ̲ ̲ ̲ ̲ ̲ ̲ ̲ ̲ ̲WordRAM.TraceResult.pure, hleft, hright, List.append_assoc]
Note: This linter can be disabled with `set_option linter.unusedSimpArgs false`
warning: RMQ/Core/SuccinctFinal/RAM/PackedCellProbe/ReviewerLogicalSimulation.lean:5774:36: This simp argument is unused:
  WholeQueryState.setNat
Hint: Omit it from the simp argument list.
  simp [packedWholeQueryRun, concreteBPNativeSuccinctRMQWholeQueryProgram, packedProgramRun,
              packedInstrStep, packedReviewerAfterLeftSelectReference,
              packedReviewerAfterRightSelectReference, packedReviewerAfterLcaReference,
  ̲  ̲ ̲ ̲ ̲ ̲ ̲ ̲ ̲ ̲ ̲ ̲WholeQueryState.empty, WholeQueryState.setOpt, W̵h̵o̵l̵e̵Q̵u̵e̵r̵y̵S̵t̵a̵t̵e̵.̵s̵e̵t̵N̵a̵t̵,̵WholeQueryState.opt, WholeQueryState.nat,
  ̲  ̲ ̲ ̲ ̲ ̲ ̲ ̲ ̲ ̲ ̲ ̲WholeQueryNatExpr.eval, WordRAM.TraceResult.map, WordRAM.TraceResult.bind,
              WordRAM.TraceResult.pure, hleft, hright, List.append_assoc]
Note: This linter can be disabled with `set_option linter.unusedSimpArgs false`
warning: RMQ/Core/SuccinctFinal/RAM/PackedCellProbe/ReviewerLogicalSimulation.lean:5775:33: This simp argument is unused:
  WholeQueryState.nat
Hint: Omit it from the simp argument list.
  simp [packedWholeQueryRun,
  ̵  ̵ ̵ ̵ ̵ ̵ ̵ ̵ ̵ ̵ ̵ ̵concreteBPNativeSuccinctRMQWholeQueryProgram, packedProgramRun,
              packedInstrStep, packedReviewerAfterLeftSelectReference,
              packedReviewerAfterRightSelectReference,
  ̵  ̵ ̵ ̵ ̵ ̵ ̵ ̵ ̵ ̵ ̵ ̵packedReviewerAfterLcaReference,
  ̲  ̲ ̲ ̲ ̲ ̲ ̲ ̲ ̲ ̲ ̲ ̲WholeQueryState.empty,
  ̵  ̵ ̵ ̵ ̵ ̵ ̵ ̵ ̵ ̵ ̵ ̵WholeQueryState.setOpt, WholeQueryState.setNat,
              WholeQueryState.opt, WholeQueryS̵t̵a̵t̵e̵.̵n̵a̵t̵,̵
  ̵ ̵ ̵ ̵ ̵ ̵ ̵ ̵ ̵ ̵ ̵ ̵ ̵W̵h̵o̵l̵e̵Q̵u̵e̵r̵y̵NatExpr.eval, WordRAM.TraceResult.map,
              WordRAM.TraceResult.bind, WordRAM.TraceResult.pure, hleft,
  ̵  ̵ ̵ ̵ ̵ ̵ ̵ ̵ ̵ ̵ ̵ ̵hright, List.append_assoc]
Note: This linter can be disabled with `set_option linter.unusedSimpArgs false`
warning: RMQ/Core/SuccinctFinal/RAM/PackedCellProbe/ReviewerLogicalSimulation.lean:5778:20: This simp argument is unused:
  List.append_assoc
Hint: Omit it from the simp argument list.
  simp [packedWholeQueryRun,
  ̵  ̵ ̵ ̵ ̵ ̵ ̵ ̵ ̵ ̵ ̵ ̵concreteBPNativeSuccinctRMQWholeQueryProgram, packedProgramRun,
              packedInstrStep, packedReviewerAfterLeftSelectReference,
              packedReviewerAfterRightSelectReference,
  ̵  ̵ ̵ ̵ ̵ ̵ ̵ ̵ ̵ ̵ ̵ ̵packedReviewerAfterLcaReference,
  ̲  ̲ ̲ ̲ ̲ ̲ ̲ ̲ ̲ ̲ ̲ ̲WholeQueryState.empty,
  ̵  ̵ ̵ ̵ ̵ ̵ ̵ ̵ ̵ ̵ ̵ ̵WholeQueryState.setOpt, WholeQueryState.setNat,
              WholeQueryState.opt, WholeQueryState.nat,
  ̵  ̵ ̵ ̵ ̵ ̵ ̵ ̵ ̵ ̵ ̵ ̵WholeQueryNatExpr.eval,
  ̲  ̲ ̲ ̲ ̲ ̲ ̲ ̲ ̲ ̲ ̲ ̲WordRAM.TraceResult.map,
  ̵  ̵ ̵ ̵ ̵ ̵ ̵ ̵ ̵ ̵ ̵ ̵WordRAM.TraceResult.bind, WordRAM.TraceResult.pure, hleft,
              hright,̵ ̵L̵i̵s̵t̵.̵a̵p̵p̵e̵n̵d̵_̵a̵s̵s̵o̵c̵]
Note: This linter can be disabled with `set_option linter.unusedSimpArgs false`
warning: RMQ/Core/SuccinctFinal/RAM/PackedCellProbe/ReviewerLogicalSimulation.lean:5792:28: This simp argument is unused:
  List.append_assoc
Hint: Omit it from the simp argument list.
  simp [packedWholeQueryRun, concreteBPNativeSuccinctRMQWholeQueryProgram,
                packedProgramRun, packedInstrStep, packedReviewerAfterLeftSelectReference,
                packedReviewerAfterRightSelectReference, packedReviewerAfterLcaReference,
  ̲  ̲ ̲ ̲ ̲ ̲ ̲ ̲ ̲ ̲ ̲ ̲ ̲ ̲WholeQueryState.empty, WholeQueryState.setOpt, WholeQueryState.setNat,
                WholeQueryState.opt, WholeQueryState.nat, WholeQueryNatExpr.eval,
  ̲  ̲ ̲ ̲ ̲ ̲ ̲ ̲ ̲ ̲ ̲ ̲ ̲ ̲WordRAM.TraceResult.map, WordRAM.TraceResult.bind, WordRAM.TraceResult.pure, hleft,
                hright, h̵l̵c̵a̵,̵ ̵L̵i̵s̵t̵.̵a̵p̵p̵e̵n̵d̵_̵a̵s̵s̵o̵c̵]̵h̲l̲c̲a̲]̲
Note: This linter can be disabled with `set_option linter.unusedSimpArgs false`
warning: RMQ/Core/SuccinctFinal/RAM/PackedCellProbe/ReviewerLogicalSimulation.lean:5837:18: This simp argument is unused:
  packedReviewerDriveWhole
Hint: Omit it from the simp argument list.
  simp [̵p̵a̵c̵k̵e̵d̵R̵e̵v̵i̵e̵w̵e̵r̵D̵r̵i̵v̵e̵W̵h̵o̵l̵e̵,̵ ̵p̵a̵c̵k̵e̵d̵R̵e̵v̵i̵e̵w̵e̵r̵D̵r̵i̵v̵e̵C̵o̵m̵p̵o̵n̵e̵n̵t̵,̵[̲p̲a̲c̲k̲e̲d̲R̲e̲v̲i̲e̲w̲e̲r̲D̲r̲i̲v̲e̲C̲o̲m̲p̲o̲n̲e̲n̲t̲,̲ PackedReviewerComponentRun.Simulates,
                packedReviewerWholeResult, continuation, WordRAM.TraceResult.pure]
Note: This linter can be disabled with `set_option linter.unusedSimpArgs false`
warning: RMQ/Core/SuccinctFinal/RAM/PackedCellProbe/ReviewerLogicalSimulation.lean:5862:5: unused variable `hleftClose`
Note: This linter can be disabled with `set_option linter.unusedVariables false`
⚠ [317/374] Replayed RMQ.Core.SuccinctFinal.RAM.PackedCellProbe.ReviewerInteriorRead
warning: RMQ/Core/SuccinctFinal/RAM/PackedCellProbe/ReviewerInteriorRead.lean:475:10: This simp argument is unused:
  packedReviewerInteriorCanonicalPayload
Hint: Omit it from the simp argument list.
  simp [̵p̵a̵c̵k̵e̵d̵R̵e̵v̵i̵e̵w̵e̵r̵I̵n̵t̵e̵r̵i̵o̵r̵C̵a̵n̵o̵n̵i̵c̵a̵l̵P̵a̵y̵l̵o̵a̵d̵,̵
  ̵ ̵ ̵ ̵ ̵ ̵ ̵p̵a̵c̵k̵e̵d̵R̵e̵v̵i̵e̵w̵e̵r̵I̵n̵t̵e̵r̵i̵o̵r̵E̵n̵t̵r̵y̵C̵o̵u̵n̵t̵,̵[̲p̲a̲c̲k̲e̲d̲R̲e̲v̲i̲e̲w̲e̲r̲I̲n̲t̲e̲r̲i̲o̲r̲E̲n̲t̲r̲y̲C̲o̲u̲n̲t̲,̲ packedReviewerInteriorEntryWidth,
        packedInteriorLayout_eq, packedBpCodeWordWidth, RelativeRmm.Layout.superWidth,
        CartesianShape.bpCode_length]
Note: This linter can be disabled with `set_option linter.unusedSimpArgs false`
warning: RMQ/Core/SuccinctFinal/RAM/PackedCellProbe/ReviewerInteriorRead.lean:482:10: This simp argument is unused:
  packedReviewerInteriorCanonicalPayload
Hint: Omit it from the simp argument list.
  simp [packedReviewerInteriorC̵a̵n̵o̵n̵i̵c̵a̵l̵P̵a̵y̵l̵o̵a̵d̵,̵
  ̵ ̵ ̵ ̵ ̵ ̵ ̵p̵a̵c̵k̵e̵d̵R̵e̵v̵i̵e̵w̵e̵r̵I̵n̵t̵e̵r̵i̵o̵r̵EntryCount, packedReviewerInteriorEntryWidth,
        packedInteriorLayout_eq]
Note: This linter can be disabled with `set_option linter.unusedSimpArgs false`
warning: RMQ/Core/SuccinctFinal/RAM/PackedCellProbe/ReviewerInteriorRead.lean:487:10: This simp argument is unused:
  packedReviewerInteriorCanonicalPayload
Hint: Omit it from the simp argument list.
  simp [packedReviewerInteriorC̵a̵n̵o̵n̵i̵c̵a̵l̵P̵a̵y̵l̵o̵a̵d̵,̵
  ̵ ̵ ̵ ̵ ̵ ̵ ̵p̵a̵c̵k̵e̵d̵R̵e̵v̵i̵e̵w̵e̵r̵I̵n̵t̵e̵r̵i̵o̵r̵EntryCount, packedReviewerInteriorEntryWidth,
        packedInteriorLayout_eq]
Note: This linter can be disabled with `set_option linter.unusedSimpArgs false`
warning: RMQ/Core/SuccinctFinal/RAM/PackedCellProbe/ReviewerInteriorRead.lean:492:10: This simp argument is unused:
  packedReviewerInteriorCanonicalPayload
Hint: Omit it from the simp argument list.
  simp [packedReviewerInteriorC̵a̵n̵o̵n̵i̵c̵a̵l̵P̵a̵y̵l̵o̵a̵d̵,̵
  ̵ ̵ ̵ ̵ ̵ ̵ ̵p̵a̵c̵k̵e̵d̵R̵e̵v̵i̵e̵w̵e̵r̵I̵n̵t̵e̵r̵i̵o̵r̵EntryCount, packedReviewerInteriorEntryWidth,
        packedInteriorLayout_eq]
Note: This linter can be disabled with `set_option linter.unusedSimpArgs false`
warning: RMQ/Core/SuccinctFinal/RAM/PackedCellProbe/ReviewerInteriorRead.lean:497:10: This simp argument is unused:
  packedReviewerInteriorCanonicalPayload
Hint: Omit it from the simp argument list.
  simp [packedReviewerInteriorC̵a̵n̵o̵n̵i̵c̵a̵l̵P̵a̵y̵l̵o̵a̵d̵,̵
  ̵ ̵ ̵ ̵ ̵ ̵ ̵p̵a̵c̵k̵e̵d̵R̵e̵v̵i̵e̵w̵e̵r̵I̵n̵t̵e̵r̵i̵o̵r̵EntryCount, packedReviewerInteriorEntryWidth,
        packedInteriorLayout_eq]
Note: This linter can be disabled with `set_option linter.unusedSimpArgs false`
warning: RMQ/Core/SuccinctFinal/RAM/PackedCellProbe/ReviewerInteriorRead.lean:502:10: This simp argument is unused:
  packedReviewerInteriorCanonicalPayload
Hint: Omit it from the simp argument list.
  simp [packedReviewerInteriorC̵a̵n̵o̵n̵i̵c̵a̵l̵P̵a̵y̵l̵o̵a̵d̵,̵
  ̵ ̵ ̵ ̵ ̵ ̵ ̵p̵a̵c̵k̵e̵d̵R̵e̵v̵i̵e̵w̵e̵r̵I̵n̵t̵e̵r̵i̵o̵r̵EntryCount, packedReviewerInteriorEntryWidth,
        packedInteriorLayout_eq]
Note: This linter can be disabled with `set_option linter.unusedSimpArgs false`
warning: RMQ/Core/SuccinctFinal/RAM/PackedCellProbe/ReviewerInteriorRead.lean:507:10: This simp argument is unused:
  packedReviewerInteriorCanonicalPayload
Hint: Omit it from the simp argument list.
  simp [packedReviewerInteriorC̵a̵n̵o̵n̵i̵c̵a̵l̵P̵a̵y̵l̵o̵a̵d̵,̵
  ̵ ̵ ̵ ̵ ̵ ̵ ̵p̵a̵c̵k̵e̵d̵R̵e̵v̵i̵e̵w̵e̵r̵I̵n̵t̵e̵r̵i̵o̵r̵EntryCount, packedReviewerInteriorEntryWidth,
        packedInteriorLayout_eq]
Note: This linter can be disabled with `set_option linter.unusedSimpArgs false`
warning: RMQ/Core/SuccinctFinal/RAM/PackedCellProbe/ReviewerInteriorRead.lean:512:10: This simp argument is unused:
  packedReviewerInteriorCanonicalPayload
Hint: Omit it from the simp argument list.
  simp [packedReviewerInteriorC̵a̵n̵o̵n̵i̵c̵a̵l̵P̵a̵y̵l̵o̵a̵d̵,̵
  ̵ ̵ ̵ ̵ ̵ ̵ ̵p̵a̵c̵k̵e̵d̵R̵e̵v̵i̵e̵w̵e̵r̵I̵n̵t̵e̵r̵i̵o̵r̵EntryCount, packedReviewerInteriorEntryWidth,
        packedInteriorLayout_eq]
Note: This linter can be disabled with `set_option linter.unusedSimpArgs false`
⚠ [319/374] Replayed RMQ.Core.SuccinctFinal.RAM.PackedCellProbe.ReviewerSparsePrelude
warning: RMQ/Core/SuccinctFinal/RAM/PackedCellProbe/ReviewerSparsePrelude.lean:151:12: try 'simp' instead of 'simpa'
Note: This linter can be disabled with `set_option linter.unnecessarySimpa false`
warning: RMQ/Core/SuccinctFinal/RAM/PackedCellProbe/ReviewerSparsePrelude.lean:167:12: try 'simp' instead of 'simpa'
Note: This linter can be disabled with `set_option linter.unnecessarySimpa false`
warning: RMQ/Core/SuccinctFinal/RAM/PackedCellProbe/ReviewerSparsePrelude.lean:483:4: This simp argument is unused:
  packedReviewerSparsePreludeRequests
Hint: Omit it from the simp argument list.
  simp [packedReviewerSparsePreludeInit, p̵a̵c̵k̵e̵d̵R̵e̵v̵i̵e̵w̵e̵r̵S̵p̵a̵r̵s̵e̵P̵r̵e̵l̵u̵d̵e̵R̵e̵q̵u̵e̵s̵t̵s̵,̵packedReviewerSparsePreludeNextRequest,
      packedReviewerSparsePreludeConsumeReply, packedReviewerSparsePreludeResult]
Note: This linter can be disabled with `set_option linter.unusedSimpArgs false`
⚠ [325/374] Replayed RMQ.Core.SuccinctFinal.RAM.PackedCellProbe.ReviewerControllerProof
warning: RMQ/Core/SuccinctFinal/RAM/PackedCellProbe/ReviewerControllerProof.lean:87:40: This simp argument is unused:
  hget
Hint: Omit it from the simp argument list.
  simp [packedReviewerBPRead, hnot,̵ ̵h̵g̵e̵t̵]
Note: This linter can be disabled with `set_option linter.unusedSimpArgs false`
warning: RMQ/Core/SuccinctFinal/RAM/PackedCellProbe/ReviewerControllerProof.lean:281:35: This simp argument is unused:
  h20
Hint: Omit it from the simp argument list.
  simp [packedReviewerLogicalPlan, h20̵,̵ ̵h̵2̵1, h22, hsegment, hsource]
Note: This linter can be disabled with `set_option linter.unusedSimpArgs false`
warning: RMQ/Core/SuccinctFinal/RAM/PackedCellProbe/ReviewerControllerProof.lean:281:40: This simp argument is unused:
  h21
Hint: Omit it from the simp argument list.
  simp [packedReviewerLogicalPlan, h20, h21̵,̵ ̵h̵22̵, hsegment, hsource]
Note: This linter can be disabled with `set_option linter.unusedSimpArgs false`
warning: RMQ/Core/SuccinctFinal/RAM/PackedCellProbe/ReviewerControllerProof.lean:281:45: This simp argument is unused:
  h22
Hint: Omit it from the simp argument list.
  simp [packedReviewerLogicalPlan, h20, h21, h2̵2̵,̵ ̵h̵segment, hsource]
Note: This linter can be disabled with `set_option linter.unusedSimpArgs false`
warning: RMQ/Core/SuccinctFinal/RAM/PackedCellProbe/ReviewerControllerProof.lean:298:37: This simp argument is unused:
  h20
Hint: Omit it from the simp argument list.
  simp [packedReviewerLogicalDecode, h20̵,̵ ̵h̵2̵1, h22, hsegment, hsource]
Note: This linter can be disabled with `set_option linter.unusedSimpArgs false`
warning: RMQ/Core/SuccinctFinal/RAM/PackedCellProbe/ReviewerControllerProof.lean:298:42: This simp argument is unused:
  h21
Hint: Omit it from the simp argument list.
  simp [packedReviewerLogicalDecode, h20, h21̵,̵ ̵h̵22̵, hsegment, hsource]
Note: This linter can be disabled with `set_option linter.unusedSimpArgs false`
warning: RMQ/Core/SuccinctFinal/RAM/PackedCellProbe/ReviewerControllerProof.lean:298:47: This simp argument is unused:
  h22
Hint: Omit it from the simp argument list.
  simp [packedReviewerLogicalDecode, h20, h21, h2̵2̵,̵ ̵h̵segment, hsource]
Note: This linter can be disabled with `set_option linter.unusedSimpArgs false`
warning: RMQ/Core/SuccinctFinal/RAM/PackedCellProbe/ReviewerControllerProof.lean:327:5: unused variable `hbp`
Note: This linter can be disabled with `set_option linter.unusedVariables false`
warning: RMQ/Core/SuccinctFinal/RAM/PackedCellProbe/ReviewerControllerProof.lean:328:5: unused variable `halias`
Note: This linter can be disabled with `set_option linter.unusedVariables false`
warning: RMQ/Core/SuccinctFinal/RAM/PackedCellProbe/ReviewerControllerProof.lean:345:20: This simp argument is unused:
  hfetch
Hint: Omit it from the simp argument list.
  simp ̵[̵h̵f̵e̵t̵c̵h̵]̵
Note: This linter can be disabled with `set_option linter.unusedSimpArgs false`
warning: RMQ/Core/SuccinctFinal/RAM/PackedCellProbe/ReviewerControllerProof.lean:347:19: This simp argument is unused:
  hfetch
Hint: Omit it from the simp argument list.
  simp only ̵[̵h̵f̵e̵t̵c̵h̵]̵
Note: This linter can be disabled with `set_option linter.unusedSimpArgs false`
warning: RMQ/Core/SuccinctFinal/RAM/PackedCellProbe/ReviewerControllerProof.lean:391:22: This simp argument is unused:
  hfetch
Hint: Omit it from the simp argument list.
  simp ̵[̵h̵f̵e̵t̵c̵h̵]̵
Note: This linter can be disabled with `set_option linter.unusedSimpArgs false`
warning: RMQ/Core/SuccinctFinal/RAM/PackedCellProbe/ReviewerControllerProof.lean:393:21: This simp argument is unused:
  hfetch
Hint: Omit it from the simp argument list.
  simp only ̵[̵h̵f̵e̵t̵c̵h̵]̵
Note: This linter can be disabled with `set_option linter.unusedSimpArgs false`
warning: RMQ/Core/SuccinctFinal/RAM/PackedCellProbe/ReviewerControllerProof.lean:400:22: This simp argument is unused:
  hfetch
Hint: Omit it from the simp argument list.
  simp ̵[̵h̵f̵e̵t̵c̵h̵]̵
Note: This linter can be disabled with `set_option linter.unusedSimpArgs false`
warning: RMQ/Core/SuccinctFinal/RAM/PackedCellProbe/ReviewerControllerProof.lean:402:21: This simp argument is unused:
  hfetch
Hint: Omit it from the simp argument list.
  simp only ̵[̵h̵f̵e̵t̵c̵h̵]̵
Note: This linter can be disabled with `set_option linter.unusedSimpArgs false`
warning: RMQ/Core/SuccinctFinal/RAM/PackedCellProbe/ReviewerControllerProof.lean:492:8: This simp argument is unused:
  packedReviewerClosedInteriorBitAddress_eq
Hint: Omit it from the simp argument list.
  simp [packedReviewerLogicalRead, packedReviewerLogicalPlan, packedReviewerLogicalDecode,
  ̲  ̲ ̲ ̲ ̲ ̲ ̲ ̲packedReviewerInteriorRead, packedReviewerInteriorReadPlan,
  ̲  ̲ ̲ ̲ ̲ ̲ ̲ ̲packedReviewerClosedInteriorReadPlan_eq, p̵a̵c̵k̵e̵d̵R̵e̵v̵i̵e̵w̵e̵r̵C̵l̵o̵s̵e̵d̵I̵n̵t̵e̵r̵i̵o̵r̵B̵i̵t̵A̵d̵d̵r̵e̵s̵s̵_̵e̵q̵,̵ ̵hclassify, packedFetch]
Note: This linter can be disabled with `set_option linter.unusedSimpArgs false`
warning: RMQ/Core/SuccinctFinal/RAM/PackedCellProbe/ReviewerControllerProof.lean:518:6: This simp argument is unused:
  packedReviewerClosedFringeAddress_eq
Hint: Omit it from the simp argument list.
  simp [packedReviewerLogicalRead, packedReviewerLogicalPlan, packedReviewerLogicalDecode,
  ̲  ̲ ̲ ̲packedReviewerFringeRead, p̵a̵c̵k̵e̵d̵R̵e̵v̵i̵e̵w̵e̵r̵C̵l̵o̵s̵e̵d̵F̵r̵i̵n̵g̵e̵A̵d̵d̵r̵e̵s̵s̵_̵e̵q̵,̵ ̵hindex, packedFetch]
Note: This linter can be disabled with `set_option linter.unusedSimpArgs false`
warning: RMQ/Core/SuccinctFinal/RAM/PackedCellProbe/ReviewerControllerProof.lean:537:6: This simp argument is unused:
  packedReviewerClosedSelectChunkAddress_eq
Hint: Omit it from the simp argument list.
  simp [packedReviewerLogicalRead, packedReviewerLogicalPlan, packedReviewerLogicalDecode,
  ̲  ̲ ̲ ̲packedReviewerSelectChunkRead, p̵a̵c̵k̵e̵d̵R̵e̵v̵i̵e̵w̵e̵r̵C̵l̵o̵s̵e̵d̵S̵e̵l̵e̵c̵t̵C̵h̵u̵n̵k̵A̵d̵d̵r̵e̵s̵s̵_̵e̵q̵,̵ ̵hindex, packedFetch]
Note: This linter can be disabled with `set_option linter.unusedSimpArgs false`
warning: RMQ/Core/SuccinctFinal/RAM/PackedCellProbe/ReviewerControllerProof.lean:561:48: This simp argument is unused:
  hread
Hint: Omit it from the simp argument list.
  simp [packedReviewerFringeRead, hindex,̵ ̵h̵r̵e̵a̵d̵]
Note: This linter can be disabled with `set_option linter.unusedSimpArgs false`
warning: RMQ/Core/SuccinctFinal/RAM/PackedCellProbe/ReviewerControllerProof.lean:586:53: This simp argument is unused:
  hread
Hint: Omit it from the simp argument list.
  simp [packedReviewerSelectChunkRead, hindex,̵ ̵h̵r̵e̵a̵d̵]
Note: This linter can be disabled with `set_option linter.unusedSimpArgs false`
warning: RMQ/Core/SuccinctFinal/RAM/PackedCellProbe/ReviewerControllerProof.lean:609:35: This simp argument is unused:
  h20
Hint: Omit it from the simp argument list.
  simp [packedReviewerLogicalRead, packedReviewerLogicalPlan,
  ̵  ̵ ̵ ̵ ̵ ̵packedReviewerLogicalDecode, h20̵1̲,
  ̲ h̵2̵1̵,̵  ̲ ̲ ̲ ̲h22, hnot, packedFetch]
Note: This linter can be disabled with `set_option linter.unusedSimpArgs false`
warning: RMQ/Core/SuccinctFinal/RAM/PackedCellProbe/ReviewerControllerProof.lean:609:40: This simp argument is unused:
  h21
Hint: Omit it from the simp argument list.
  simp [packedReviewerLogicalRead, packedReviewerLogicalPlan,
  ̵  ̵ ̵ ̵ ̵ ̵packedReviewerLogicalDecode, h20,
  ̲ h̵2̵1̵,̵  ̲ ̲ ̲ ̲h22, hnot, packedFetch]
Note: This linter can be disabled with `set_option linter.unusedSimpArgs false`
warning: RMQ/Core/SuccinctFinal/RAM/PackedCellProbe/ReviewerControllerProof.lean:609:45: This simp argument is unused:
  h22
Hint: Omit it from the simp argument list.
  simp [packedReviewerLogicalRead, packedReviewerLogicalPlan,
  ̵  ̵ ̵ ̵ ̵ ̵packedReviewerLogicalDecode, h20,
  ̲  ̲ ̲ ̲ ̲ ̲h21, h2̵2̵,̵ ̵h̵not, packedFetch]
Note: This linter can be disabled with `set_option linter.unusedSimpArgs false`
warning: RMQ/Core/SuccinctFinal/RAM/PackedCellProbe/ReviewerControllerProof.lean:736:5: unused variable `hbp`
Note: This linter can be disabled with `set_option linter.unusedVariables false`
warning: RMQ/Core/SuccinctFinal/RAM/PackedCellProbe/ReviewerControllerProof.lean:737:5: unused variable `halias`
Note: This linter can be disabled with `set_option linter.unusedVariables false`
warning: RMQ/Core/SuccinctFinal/RAM/PackedCellProbe/ReviewerControllerProof.lean:962:51: This simp argument is unused:
  h20
Hint: Omit it from the simp argument list.
  simp [packedReviewerLogicalPlan, h20̵,̵ ̵h̵2̵1, h22, hnot,
  ̵  ̵ ̵ ̵ ̵ ̵packedFetch]
Note: This linter can be disabled with `set_option linter.unusedSimpArgs false`
warning: RMQ/Core/SuccinctFinal/RAM/PackedCellProbe/ReviewerControllerProof.lean:962:56: This simp argument is unused:
  h21
Hint: Omit it from the simp argument list.
  simp [packedReviewerLogicalPlan, h20, h21̵,̵ ̵h̵22̵, hnot,
  ̵  ̵ ̵ ̵ ̵ ̵packedFetch]
Note: This linter can be disabled with `set_option linter.unusedSimpArgs false`
warning: RMQ/Core/SuccinctFinal/RAM/PackedCellProbe/ReviewerControllerProof.lean:962:61: This simp argument is unused:
  h22
Hint: Omit it from the simp argument list.
  simp [packedReviewerLogicalPlan, h20, h21, h2̵2̵,̵ ̵h̵not,
  ̵  ̵ ̵ ̵ ̵ ̵packedFetch]
Note: This linter can be disabled with `set_option linter.unusedSimpArgs false`
warning: RMQ/Core/SuccinctFinal/RAM/PackedCellProbe/ReviewerControllerProof.lean:1879:4: This simp argument is unused:
  packedReviewerSelectConsumeReply
Hint: Omit it from the simp argument list.
  simp [PackedReviewerRequestsFitFrom, packedReviewerSelectNextRequest, p̵a̵c̵k̵e̵d̵R̵e̵v̵i̵e̵w̵e̵r̵S̵e̵l̵e̵c̵t̵C̵o̵n̵s̵u̵m̵e̵R̵e̵p̵l̵y̵,̵ ̵hrequest]
Note: This linter can be disabled with `set_option linter.unusedSimpArgs false`
warning: RMQ/Core/SuccinctFinal/RAM/PackedCellProbe/ReviewerControllerProof.lean:1908:4: This simp argument is unused:
  packedReviewerSelectConsumeReply
Hint: Omit it from the simp argument list.
  simp [PackedReviewerRequestsFitFrom, packedReviewerSelectNextRequest, p̵a̵c̵k̵e̵d̵R̵e̵v̵i̵e̵w̵e̵r̵S̵e̵l̵e̵c̵t̵C̵o̵n̵s̵u̵m̵e̵R̵e̵p̵l̵y̵,̵ ̵hrequest]
Note: This linter can be disabled with `set_option linter.unusedSimpArgs false`
warning: RMQ/Core/SuccinctFinal/RAM/PackedCellProbe/ReviewerControllerProof.lean:2267:18: This simp argument is unused:
  PackedReviewerRequestsFitFrom
Hint: Omit it from the simp argument list.
  simp [P̵a̵c̵k̵e̵d̵R̵e̵v̵i̵e̵w̵e̵r̵R̵e̵q̵u̵e̵s̵t̵s̵F̵i̵t̵F̵r̵o̵m̵,̵ ̵packedReviewerRankNextRequest]
Note: This linter can be disabled with `set_option linter.unusedSimpArgs false`
warning: RMQ/Core/SuccinctFinal/RAM/PackedCellProbe/ReviewerControllerProof.lean:2267:49: This simp argument is unused:
  packedReviewerRankNextRequest
Hint: Omit it from the simp argument list.
  simp [PackedReviewerRequestsFitFrom,̵ ̵p̵a̵c̵k̵e̵d̵R̵e̵v̵i̵e̵w̵e̵r̵R̵a̵n̵k̵N̵e̵x̵t̵R̵e̵q̵u̵e̵s̵t̵]
Note: This linter can be disabled with `set_option linter.unusedSimpArgs false`
warning: RMQ/Core/SuccinctFinal/RAM/PackedCellProbe/ReviewerControllerProof.lean:2270:22: This simp argument is unused:
  PackedReviewerRequestsFitFrom
Hint: Omit it from the simp argument list.
  simp [P̵a̵c̵k̵e̵d̵R̵e̵v̵i̵e̵w̵e̵r̵R̵e̵q̵u̵e̵s̵t̵s̵F̵i̵t̵F̵r̵o̵m̵,̵ ̵packedReviewerRankNextRequest]
Note: This linter can be disabled with `set_option linter.unusedSimpArgs false`
warning: RMQ/Core/SuccinctFinal/RAM/PackedCellProbe/ReviewerControllerProof.lean:2270:53: This simp argument is unused:
  packedReviewerRankNextRequest
Hint: Omit it from the simp argument list.
  simp [PackedReviewerRequestsFitFrom,̵ ̵p̵a̵c̵k̵e̵d̵R̵e̵v̵i̵e̵w̵e̵r̵R̵a̵n̵k̵N̵e̵x̵t̵R̵e̵q̵u̵e̵s̵t̵]
Note: This linter can be disabled with `set_option linter.unusedSimpArgs false`
warning: RMQ/Core/SuccinctFinal/RAM/PackedCellProbe/ReviewerControllerProof.lean:2274:20: This simp argument is unused:
  PackedReviewerRequestsFitFrom
Hint: Omit it from the simp argument list.
  simp [P̵a̵c̵k̵e̵d̵R̵e̵v̵i̵e̵w̵e̵r̵R̵e̵q̵u̵e̵s̵t̵s̵F̵i̵t̵F̵r̵o̵m̵,̵ ̵packedReviewerRankNextRequest]
Note: This linter can be disabled with `set_option linter.unusedSimpArgs false`
warning: RMQ/Core/SuccinctFinal/RAM/PackedCellProbe/ReviewerControllerProof.lean:2274:51: This simp argument is unused:
  packedReviewerRankNextRequest
Hint: Omit it from the simp argument list.
  simp [PackedReviewerRequestsFitFrom,̵ ̵p̵a̵c̵k̵e̵d̵R̵e̵v̵i̵e̵w̵e̵r̵R̵a̵n̵k̵N̵e̵x̵t̵R̵e̵q̵u̵e̵s̵t̵]
Note: This linter can be disabled with `set_option linter.unusedSimpArgs false`
warning: RMQ/Core/SuccinctFinal/RAM/PackedCellProbe/ReviewerControllerProof.lean:2504:6: This simp argument is unused:
  packedReviewerWordSelectNextRequest
Hint: Omit it from the simp argument list.
  simp [packedReviewerWordSelectStart, count, hcount, packedReviewerWordSelectRemaining,
  ̲  ̲ ̲ ̲P̵a̵c̵k̵e̵d̵R̵e̵v̵i̵e̵w̵e̵r̵R̵e̵q̵u̵e̵s̵t̵s̵F̵i̵t̵F̵r̵o̵m̵,̵
  ̵ ̵ ̵ ̵ ̵ ̵ ̵p̵a̵c̵k̵e̵d̵R̵e̵v̵i̵e̵w̵e̵r̵W̵o̵r̵d̵S̵e̵l̵e̵c̵t̵N̵e̵x̵t̵R̵e̵q̵u̵e̵s̵t̵]̵P̲a̲c̲k̲e̲d̲R̲e̲v̲i̲e̲w̲e̲r̲R̲e̲q̲u̲e̲s̲t̲s̲F̲i̲t̲F̲r̲o̲m̲]̲
Note: This linter can be disabled with `set_option linter.unusedSimpArgs false`
warning: RMQ/Core/SuccinctFinal/RAM/PackedCellProbe/ReviewerControllerProof.lean:2569:14: This simp argument is unused:
  packedReviewerFringeConsumeReply
Hint: Omit it from the simp argument list.
  simp [̵p̵a̵c̵k̵e̵d̵R̵e̵v̵i̵e̵w̵e̵r̵F̵r̵i̵n̵g̵e̵C̵o̵n̵s̵u̵m̵e̵R̵e̵p̵l̵y̵,̵ ̵P̵a̵c̵k̵e̵d̵R̵e̵v̵i̵e̵w̵e̵r̵R̵e̵q̵u̵e̵s̵t̵s̵F̵i̵t̵F̵r̵o̵m̵,̵[̲P̲a̲c̲k̲e̲d̲R̲e̲v̲i̲e̲w̲e̲r̲R̲e̲q̲u̲e̲s̲t̲s̲F̲i̲t̲F̲r̲o̲m̲,̲ nextState, c, slot]
Note: This linter can be disabled with `set_option linter.unusedSimpArgs false`
warning: RMQ/Core/SuccinctFinal/RAM/PackedCellProbe/ReviewerControllerProof.lean:2570:10: This simp argument is unused:
  nextState
Hint: Omit it from the simp argument list.
  simp [packedReviewerFringeConsumeReply, PackedReviewerRequestsFitFrom, n̵e̵x̵t̵S̵t̵a̵t̵e̵,̵ ̵c, slot]
Note: This linter can be disabled with `set_option linter.unusedSimpArgs false`
warning: RMQ/Core/SuccinctFinal/RAM/PackedCellProbe/ReviewerControllerProof.lean:2570:21: This simp argument is unused:
  c
Hint: Omit it from the simp argument list.
  simp [packedReviewerFringeConsumeReply, PackedReviewerRequestsFitFrom,
  ̵  ̵ ̵ ̵ ̵ ̵ ̵ ̵ ̵ ̵nextState, c̵,̵ ̵slot]
Note: This linter can be disabled with `set_option linter.unusedSimpArgs false`
warning: RMQ/Core/SuccinctFinal/RAM/PackedCellProbe/ReviewerControllerProof.lean:2570:24: This simp argument is unused:
  slot
Hint: Omit it from the simp argument list.
  simp [packedReviewerFringeConsumeReply, PackedReviewerRequestsFitFrom,
  ̵  ̵ ̵ ̵ ̵ ̵ ̵ ̵ ̵ ̵nextState, c,̵ ̵s̵l̵o̵t̵]
Note: This linter can be disabled with `set_option linter.unusedSimpArgs false`
warning: RMQ/Core/SuccinctFinal/RAM/PackedCellProbe/ReviewerControllerProof.lean:2591:6: This simp argument is unused:
  packedReviewerFringeNextRequest
Hint: Omit it from the simp argument list.
  simp [packedReviewerFringeStart, hcount, packedReviewerFringeRemaining,
  ̲  ̲ ̲ ̲P̵a̵c̵k̵e̵d̵R̵e̵v̵i̵e̵w̵e̵r̵R̵e̵q̵u̵e̵s̵t̵s̵F̵i̵t̵F̵r̵o̵m̵,̵
  ̵ ̵ ̵ ̵ ̵ ̵ ̵p̵a̵c̵k̵e̵d̵R̵e̵v̵i̵e̵w̵e̵r̵F̵r̵i̵n̵g̵e̵N̵e̵x̵t̵R̵e̵q̵u̵e̵s̵t̵]̵P̲a̲c̲k̲e̲d̲R̲e̲v̲i̲e̲w̲e̲r̲R̲e̲q̲u̲e̲s̲t̲s̲F̲i̲t̲F̲r̲o̲m̲]̲
Note: This linter can be disabled with `set_option linter.unusedSimpArgs false`
warning: RMQ/Core/SuccinctFinal/RAM/PackedCellProbe/ReviewerControllerProof.lean:3260:13: This simp argument is unused:
  Prod.fst
Hint: Omit it from the simp argument list.
  simp only [̵P̵r̵o̵d̵.̵f̵s̵t̵,̵ ̵P̵r̵o̵d̵.̵s̵n̵d̵]̵[̲P̲r̲o̲d̲.̲s̲n̲d̲]̲ at hevent
Note: This linter can be disabled with `set_option linter.unusedSimpArgs false`
warning: RMQ/Core/SuccinctFinal/RAM/PackedCellProbe/ReviewerControllerProof.lean:3260:23: This simp argument is unused:
  Prod.snd
Hint: Omit it from the simp argument list.
  simp only [Prod.fst,̵ ̵P̵r̵o̵d̵.̵s̵n̵d̵] at hevent
Note: This linter can be disabled with `set_option linter.unusedSimpArgs false`
warning: RMQ/Core/SuccinctFinal/RAM/PackedCellProbe/ReviewerControllerProof.lean:3327:14: This simp argument is unused:
  packedReviewerInteriorNatConsumeReply
Hint: Omit it from the simp argument list.
  simp [p̵a̵c̵k̵e̵d̵R̵e̵v̵i̵e̵w̵e̵r̵I̵n̵t̵e̵r̵i̵o̵r̵N̵a̵t̵C̵o̵n̵s̵u̵m̵e̵R̵e̵p̵l̵y̵,̵
  ̵ ̵ ̵ ̵ ̵ ̵ ̵ ̵ ̵ ̵ ̵PackedReviewerRequestsFitFrom]
Note: This linter can be disabled with `set_option linter.unusedSimpArgs false`
warning: RMQ/Core/SuccinctFinal/RAM/PackedCellProbe/ReviewerControllerProof.lean:4893:54: This simp argument is unused:
  Nat.add_assoc
Hint: Omit it from the simp argument list.
  simp [packedReviewerPhysicalEventsFrom, ih, N̵a̵t̵.̵a̵d̵d̵_̵a̵s̵s̵o̵c̵,̵Nat.add_comm, Nat.add_left_comm]
Note: This linter can be disabled with `set_option linter.unusedSimpArgs false`
warning: RMQ/Core/SuccinctFinal/RAM/PackedCellProbe/ReviewerControllerProof.lean:4975:4: This simp argument is unused:
  List.mem_singleton
Hint: Omit it from the simp argument list.
  simp only [packedReviewerPhysicalRequestOperands, packedReviewerPhysicalOriginOperands,
  ̲  ̲ ̲ ̲List.mem_append, L̵i̵s̵t̵.̵m̵e̵m̵_̵c̵o̵n̵s̵,̵
  ̵ ̵ ̵ ̵ ̵L̵i̵s̵t̵.̵m̵e̵m̵_̵s̵i̵n̵g̵l̵e̵t̵o̵n̵]̵L̲i̲s̲t̲.̲m̲e̲m̲_̲c̲o̲n̲s̲]̲ at hopen
Note: This linter can be disabled with `set_option linter.unusedSimpArgs false`
warning: RMQ/Core/SuccinctFinal/RAM/PackedCellProbe/ReviewerControllerProof.lean:5294:39: This simp argument is unused:
  packedReviewerDriveAgainstMemoryAux
Hint: Omit it from the simp argument list.
  simp [packedReviewerRunAgainstMemory, packedReviewerController, hbad,
        packedReviewerControllerMeasure, p̵a̵c̵k̵e̵d̵R̵e̵v̵i̵e̵w̵e̵r̵D̵r̵i̵v̵e̵A̵g̵a̵i̵n̵s̵t̵M̵e̵m̵o̵r̵y̵A̵u̵x̵,̵packedReviewerControllerResult,
        packedReviewerControllerFailed]
Note: This linter can be disabled with `set_option linter.unusedSimpArgs false`
warning: RMQ/Core/SuccinctFinal/RAM/PackedCellProbe/ReviewerControllerProof.lean:5295:6: This simp argument is unused:
  packedReviewerControllerResult
Hint: Omit it from the simp argument list.
  simp [packedReviewerRunAgainstMemory, packedReviewerController, hbad,
        packedReviewerControllerMeasure, packedReviewerDriveAgainstMemoryAux,
        packedReviewerControllerR̵e̵s̵u̵l̵t̵,̵ ̵p̵a̵c̵k̵e̵d̵R̵e̵v̵i̵e̵w̵e̵r̵C̵o̵n̵t̵r̵o̵l̵l̵e̵r̵Failed]
Note: This linter can be disabled with `set_option linter.unusedSimpArgs false`
warning: RMQ/Core/SuccinctFinal/RAM/PackedCellProbe/ReviewerControllerProof.lean:5295:38: This simp argument is unused:
  packedReviewerControllerFailed
Hint: Omit it from the simp argument list.
  simp [packedReviewerRunAgainstMemory, packedReviewerController, hbad,
        packedReviewerControllerMeasure, packedReviewerDriveAgainstMemoryAux,
        packedReviewerControllerResult,̵ ̵p̵a̵c̵k̵e̵d̵R̵e̵v̵i̵e̵w̵e̵r̵C̵o̵n̵t̵r̵o̵l̵l̵e̵r̵F̵a̵i̵l̵e̵d̵]
Note: This linter can be disabled with `set_option linter.unusedSimpArgs false`
⚠ [327/374] Replayed RMQ.Core.SuccinctFinal.RAM.PackedCellProbe.ReviewerControllerAtomicStateProof
warning: RMQ/Core/SuccinctFinal/RAM/PackedCellProbe/ReviewerControllerAtomicStateProof.lean:1635:5: unused variable `hstate`
Note: This linter can be disabled with `set_option linter.unusedVariables false`
warning: RMQ/Core/SuccinctFinal/RAM/PackedCellProbe/ReviewerControllerAtomicStateProof.lean:1636:5: unused variable `hresult`
Note: This linter can be disabled with `set_option linter.unusedVariables false`
⚠ [331/374] Replayed RMQ.Core.SuccinctFinal.RAM.PackedCellProbe.ReviewerControllerInteriorStateProof
warning: RMQ/Core/SuccinctFinal/RAM/PackedCellProbe/ReviewerControllerInteriorStateProof.lean:232:58: This simp argument is unused:
  hcount
Hint: Omit it from the simp argument list.
  simp [packedReviewerInteriorNatStart, hindex, hco̵u̵n̵t̵,̵ ̵hc̵h̵unks]
Note: This linter can be disabled with `set_option linter.unusedSimpArgs false`
warning: RMQ/Core/SuccinctFinal/RAM/PackedCellProbe/ReviewerControllerInteriorStateProof.lean:774:23: This simp argument is unused:
  if_true
Hint: Omit it from the simp argument list.
  simp only [hvalid,̵ ̵i̵f̵_̵t̵r̵u̵e̵]
Note: This linter can be disabled with `set_option linter.unusedSimpArgs false`
warning: RMQ/Core/SuccinctFinal/RAM/PackedCellProbe/ReviewerControllerInteriorStateProof.lean:799:23: This simp argument is unused:
  if_true
Hint: Omit it from the simp argument list.
  simp only [hvalid,̵ ̵i̵f̵_̵t̵r̵u̵e̵]
Note: This linter can be disabled with `set_option linter.unusedSimpArgs false`
warning: RMQ/Core/SuccinctFinal/RAM/PackedCellProbe/ReviewerControllerInteriorStateProof.lean:1033:28: unused variable `hwordSize`
Note: This linter can be disabled with `set_option linter.unusedVariables false`
warning: RMQ/Core/SuccinctFinal/RAM/PackedCellProbe/ReviewerControllerInteriorStateProof.lean:1215:6: try 'simp' instead of 'simpa'
Note: This linter can be disabled with `set_option linter.unnecessarySimpa false`
warning: RMQ/Core/SuccinctFinal/RAM/PackedCellProbe/ReviewerControllerInteriorStateProof.lean:2676:14: This simp argument is unused:
  firstCount
Hint: Omit it from the simp argument list.
  simp [f̵i̵r̵s̵t̵C̵o̵u̵n̵t̵,̵ ̵localStart] at hwithin
Note: This linter can be disabled with `set_option linter.unusedSimpArgs false`
warning: RMQ/Core/SuccinctFinal/RAM/PackedCellProbe/ReviewerControllerInteriorStateProof.lean:2676:26: This simp argument is unused:
  localStart
Hint: Omit it from the simp argument list.
  simp [firstCount,̵ ̵l̵o̵c̵a̵l̵S̵t̵a̵r̵t̵] at hwithin
Note: This linter can be disabled with `set_option linter.unusedSimpArgs false`
warning: RMQ/Core/SuccinctFinal/RAM/PackedCellProbe/ReviewerControllerInteriorStateProof.lean:3288:20: This simp argument is unused:
  hresult
Hint: Omit it from the simp argument list.
  simp [h̵r̵e̵s̵u̵l̵t̵,̵ ̵packedReviewerInteriorPotential]
Note: This linter can be disabled with `set_option linter.unusedSimpArgs false`
warning: RMQ/Core/SuccinctFinal/RAM/PackedCellProbe/ReviewerControllerInteriorStateProof.lean:3290:25: This simp argument is unused:
  hresult
Hint: Omit it from the simp argument list.
  simp only ̵[̵h̵r̵e̵s̵u̵l̵t̵]̵
Note: This linter can be disabled with `set_option linter.unusedSimpArgs false`
warning: RMQ/Core/SuccinctFinal/RAM/PackedCellProbe/ReviewerControllerInteriorStateProof.lean:3437:12: This simp argument is unused:
  hrun
Hint: Omit it from the simp argument list.
  simp [h̵r̵u̵n̵,̵ ̵packedReviewerInteriorRemaining]
Note: This linter can be disabled with `set_option linter.unusedSimpArgs false`
⚠ [333/374] Replayed RMQ.Core.SuccinctFinal.RAM.PackedCellProbe.ReviewerControllerStateProof
warning: RMQ/Core/SuccinctFinal/RAM/PackedCellProbe/ReviewerControllerStateProof.lean:2556:4: try 'simp' instead of 'simpa'
Note: This linter can be disabled with `set_option linter.unnecessarySimpa false`
warning: RMQ/Core/SuccinctFinal/RAM/PackedCellProbe/ReviewerControllerStateProof.lean:3044:21: This simp argument is unused:
  List.mem_singleton
Hint: Omit it from the simp argument list.
  simp only [packedReviewerControllerStateNatFields, List.mem_append, L̵i̵s̵t̵.̵m̵e̵m̵_̵c̵o̵n̵s̵,̵ ̵L̵i̵s̵t̵.̵m̵e̵m̵_̵s̵i̵n̵g̵l̵e̵t̵o̵n̵]̵L̲i̲s̲t̲.̲m̲e̲m̲_̲c̲o̲n̲s̲]̲ at hmem
Note: This linter can be disabled with `set_option linter.unusedSimpArgs false`
warning: RMQ/Core/SuccinctFinal/RAM/PackedCellProbe/ReviewerControllerStateProof.lean:3091:21: This simp argument is unused:
  List.mem_singleton
Hint: Omit it from the simp argument list.
  simp only [packedReviewerControllerStateNatFields, List.mem_append, L̵i̵s̵t̵.̵m̵e̵m̵_̵c̵o̵n̵s̵,̵ ̵L̵i̵s̵t̵.̵m̵e̵m̵_̵s̵i̵n̵g̵l̵e̵t̵o̵n̵]̵L̲i̲s̲t̲.̲m̲e̲m̲_̲c̲o̲n̲s̲]̲ at hmem
Note: This linter can be disabled with `set_option linter.unusedSimpArgs false`
warning: RMQ/Core/SuccinctFinal/RAM/PackedCellProbe/ReviewerControllerStateProof.lean:3520:4: try 'simp' instead of 'simpa'
Note: This linter can be disabled with `set_option linter.unnecessarySimpa false`
warning: RMQ/Core/SuccinctFinal/RAM/PackedCellProbe/ReviewerControllerStateProof.lean:3663:44: This simp argument is unused:
  wordSize
Hint: Omit it from the simp argument list.
  simp [packedReviewerInteriorNatStart, w̵o̵r̵d̵S̵i̵z̵e̵,̵ ̵count, hindex]
Note: This linter can be disabled with `set_option linter.unusedSimpArgs false`
warning: RMQ/Core/SuccinctFinal/RAM/PackedCellProbe/ReviewerControllerStateProof.lean:3663:54: This simp argument is unused:
  count
Hint: Omit it from the simp argument list.
  simp [packedReviewerInteriorNatStart, wordSize, c̵o̵u̵n̵t̵,̵ ̵hindex]
Note: This linter can be disabled with `set_option linter.unusedSimpArgs false`
warning: RMQ/Core/SuccinctFinal/RAM/PackedCellProbe/ReviewerControllerStateProof.lean:3739:28: unused variable `hwordSize`
Note: This linter can be disabled with `set_option linter.unusedVariables false`
warning: RMQ/Core/SuccinctFinal/RAM/PackedCellProbe/ReviewerControllerStateProof.lean:3931:14: This simp argument is unused:
  select
Hint: Omit it from the simp argument list.
  simp [s̵e̵l̵e̵c̵t̵,̵ ̵hresult, PackedReviewerSelectStorageFits]
Note: This linter can be disabled with `set_option linter.unusedSimpArgs false`
warning: RMQ/Core/SuccinctFinal/RAM/PackedCellProbe/ReviewerControllerStateProof.lean:3931:22: This simp argument is unused:
  hresult
Hint: Omit it from the simp argument list.
  simp [select, h̵r̵e̵s̵u̵l̵t̵,̵ ̵PackedReviewerSelectStorageFits]
Note: This linter can be disabled with `set_option linter.unusedSimpArgs false`
warning: RMQ/Core/SuccinctFinal/RAM/PackedCellProbe/ReviewerControllerStateProof.lean:4021:16: This simp argument is unused:
  select
Hint: Omit it from the simp argument list.
  simp [s̵e̵l̵e̵c̵t̵,̵ ̵hresult, PackedReviewerSelectStorageFits]
Note: This linter can be disabled with `set_option linter.unusedSimpArgs false`
warning: RMQ/Core/SuccinctFinal/RAM/PackedCellProbe/ReviewerControllerStateProof.lean:4021:24: This simp argument is unused:
  hresult
Hint: Omit it from the simp argument list.
  simp [select, h̵r̵e̵s̵u̵l̵t̵,̵ ̵PackedReviewerSelectStorageFits]
Note: This linter can be disabled with `set_option linter.unusedSimpArgs false`
warning: RMQ/Core/SuccinctFinal/RAM/PackedCellProbe/ReviewerControllerStateProof.lean:4660:12: This simp argument is unused:
  packedReviewerInteriorFinishCandidate
Hint: Omit it from the simp argument list.
  simp [packedReviewerInteriorF̵i̵n̵i̵s̵h̵C̵a̵n̵d̵i̵d̵a̵t̵e̵,̵
  ̵ ̵ ̵ ̵ ̵ ̵ ̵ ̵ ̵p̵a̵c̵k̵e̵d̵R̵e̵v̵i̵e̵w̵e̵r̵I̵n̵t̵e̵r̵i̵o̵r̵StateWordFields]
Note: This linter can be disabled with `set_option linter.unusedSimpArgs false`
warning: RMQ/Core/SuccinctFinal/RAM/PackedCellProbe/ReviewerControllerStateProof.lean:5524:18: This simp argument is unused:
  hresult
Hint: Omit it from the simp argument list.
  simp [̵h̵r̵e̵s̵u̵l̵t̵,̵ ̵p̵a̵c̵k̵e̵d̵R̵e̵v̵i̵e̵w̵e̵r̵W̵h̵o̵l̵e̵A̵f̵t̵e̵r̵L̵c̵a̵,̵[̲p̲a̲c̲k̲e̲d̲R̲e̲v̲i̲e̲w̲e̲r̲W̲h̲o̲l̲e̲A̲f̲t̲e̲r̲L̲c̲a̲,̲ PackedReviewerWholeContinuationShapeSafe]
Note: This linter can be disabled with `set_option linter.unusedSimpArgs false`
warning: RMQ/Core/SuccinctFinal/RAM/PackedCellProbe/ReviewerControllerStateProof.lean:5647:14: This simp argument is unused:
  packedReviewerWholeAfterLca
Hint: Omit it from the simp argument list.
  simp [̵p̵a̵c̵k̵e̵d̵R̵e̵v̵i̵e̵w̵e̵r̵W̵h̵o̵l̵e̵A̵f̵t̵e̵r̵L̵c̵a̵,̵
  ̵ ̵ ̵ ̵ ̵ ̵ ̵ ̵ ̵ ̵ ̵P̵a̵c̵k̵e̵d̵R̵e̵v̵i̵e̵w̵e̵r̵R̵a̵n̵k̵S̵t̵o̵r̵a̵g̵e̵F̵i̵t̵s̵,̵[̲P̲a̲c̲k̲e̲d̲R̲e̲v̲i̲e̲w̲e̲r̲R̲a̲n̲k̲S̲t̲o̲r̲a̲g̲e̲F̲i̲t̲s̲,̲ packedReviewerRankStateWordFields]
Note: This linter can be disabled with `set_option linter.unusedSimpArgs false`
warning: RMQ/Core/SuccinctFinal/RAM/PackedCellProbe/ReviewerControllerStateProof.lean:5648:10: This simp argument is unused:
  PackedReviewerRankStorageFits
Hint: Omit it from the simp argument list.
  simp [packedReviewerWholeAfterLca, P̵a̵c̵k̵e̵d̵R̵e̵v̵i̵e̵w̵e̵r̵R̵a̵n̵k̵S̵t̵o̵r̵a̵g̵e̵F̵i̵t̵s̵,̵packedReviewerRankStateWordFields]
Note: This linter can be disabled with `set_option linter.unusedSimpArgs false`
warning: RMQ/Core/SuccinctFinal/RAM/PackedCellProbe/ReviewerControllerStateProof.lean:5875:45: This simp argument is unused:
  select
Hint: Omit it from the simp argument list.
  simp [packedReviewerSelectRemaining, s̵e̵l̵e̵c̵t̵,̵ ̵hresult]
Note: This linter can be disabled with `set_option linter.unusedSimpArgs false`
warning: RMQ/Core/SuccinctFinal/RAM/PackedCellProbe/ReviewerControllerStateProof.lean:5875:53: This simp argument is unused:
  hresult
Hint: Omit it from the simp argument list.
  simp [packedReviewerSelectRemaining, select,̵ ̵h̵r̵e̵s̵u̵l̵t̵]
Note: This linter can be disabled with `set_option linter.unusedSimpArgs false`
warning: RMQ/Core/SuccinctFinal/RAM/PackedCellProbe/ReviewerControllerStateProof.lean:5967:16: This simp argument is unused:
  occurrence
Hint: Omit it from the simp argument list.
  simp [o̵c̵c̵u̵r̵r̵e̵n̵c̵e̵,̵ ̵select, hresult, packedReviewerSelectRemaining]
Note: This linter can be disabled with `set_option linter.unusedSimpArgs false`
warning: RMQ/Core/SuccinctFinal/RAM/PackedCellProbe/ReviewerControllerStateProof.lean:5967:28: This simp argument is unused:
  select
Hint: Omit it from the simp argument list.
  simp [occurrence, s̵e̵l̵e̵c̵t̵,̵ ̵hresult, packedReviewerSelectRemaining]
Note: This linter can be disabled with `set_option linter.unusedSimpArgs false`
warning: RMQ/Core/SuccinctFinal/RAM/PackedCellProbe/ReviewerControllerStateProof.lean:5967:36: This simp argument is unused:
  hresult
Hint: Omit it from the simp argument list.
  simp [occurrence, select, h̵r̵e̵s̵u̵l̵t̵,̵ ̵packedReviewerSelectRemaining]
Note: This linter can be disabled with `set_option linter.unusedSimpArgs false`
warning: RMQ/Core/SuccinctFinal/RAM/PackedCellProbe/ReviewerControllerStateProof.lean:8426:12: This simp argument is unused:
  packedReviewerSelectAfterSuper
Hint: Omit it from the simp argument list.
  s̵i̵m̵p̵ ̵[̵p̵a̵c̵k̵e̵d̵R̵e̵v̵i̵e̵w̵e̵r̵S̵e̵l̵e̵c̵t̵A̵f̵t̵e̵r̵S̵u̵p̵e̵r̵]̵ ̵a̵t̵ ̵h̵c̵l̵o̵s̵e̵s̲i̲m̲p̲ ̲a̲t̲ ̲h̲c̲l̲o̲s̲e̲
Note: This linter can be disabled with `set_option linter.unusedSimpArgs false`
warning: RMQ/Core/SuccinctFinal/RAM/PackedCellProbe/ReviewerControllerStateProof.lean:8454:28: This simp argument is unused:
  if_false
Hint: Omit it from the simp argument list.
  simp only [hmarked,̵ ̵i̵f̵_̵f̵a̵l̵s̵e̵]
Note: This linter can be disabled with `set_option linter.unusedSimpArgs false`
warning: RMQ/Core/SuccinctFinal/RAM/PackedCellProbe/ReviewerControllerStateProof.lean:8520:12: This simp argument is unused:
  packedReviewerSelectAfterLocal
Hint: Omit it from the simp argument list.
  s̵i̵m̵p̵ ̵[̵p̵a̵c̵k̵e̵d̵R̵e̵v̵i̵e̵w̵e̵r̵S̵e̵l̵e̵c̵t̵A̵f̵t̵e̵r̵L̵o̵c̵a̵l̵]̵ ̵a̵t̵ ̵h̵c̵l̵o̵s̵e̵s̲i̲m̲p̲ ̲a̲t̲ ̲h̲c̲l̲o̲s̲e̲
Note: This linter can be disabled with `set_option linter.unusedSimpArgs false`
warning: RMQ/Core/SuccinctFinal/RAM/PackedCellProbe/ReviewerControllerStateProof.lean:8547:28: This simp argument is unused:
  if_false
Hint: Omit it from the simp argument list.
  simp only [hmarked,̵ ̵i̵f̵_̵f̵a̵l̵s̵e̵]
Note: This linter can be disabled with `set_option linter.unusedSimpArgs false`
warning: RMQ/Core/SuccinctFinal/RAM/PackedCellProbe/ReviewerControllerStateProof.lean:9397:17: This simp argument is unused:
  Nat.log2
Hint: Omit it from the simp argument list.
  simp [hzero,̵ ̵N̵a̵t̵.̵l̵o̵g̵2̵]
Note: This linter can be disabled with `set_option linter.unusedSimpArgs false`
warning: RMQ/Core/SuccinctFinal/RAM/PackedCellProbe/ReviewerControllerStateProof.lean:9662:8: try 'simp' instead of 'simpa'
Note: This linter can be disabled with `set_option linter.unnecessarySimpa false`
warning: RMQ/Core/SuccinctFinal/RAM/PackedCellProbe/ReviewerControllerStateProof.lean:9720:12: This simp argument is unused:
  packedReviewerSelectAfterDenseFirstWord
Hint: Omit it from the simp argument list.
  s̵i̵m̵p̵ ̵[̵p̵a̵c̵k̵e̵d̵R̵e̵v̵i̵e̵w̵e̵r̵S̵e̵l̵e̵c̵t̵A̵f̵t̵e̵r̵D̵e̵n̵s̵e̵F̵i̵r̵s̵t̵W̵o̵r̵d̵]̵ ̵a̵t̵ ̵h̵c̵l̵o̵s̵e̵s̲i̲m̲p̲ ̲a̲t̲ ̲h̲c̲l̲o̲s̲e̲
Note: This linter can be disabled with `set_option linter.unusedSimpArgs false`
warning: RMQ/Core/SuccinctFinal/RAM/PackedCellProbe/ReviewerControllerStateProof.lean:9789:5: unused variable `hocc`
Note: This linter can be disabled with `set_option linter.unusedVariables false`
warning: RMQ/Core/SuccinctFinal/RAM/PackedCellProbe/ReviewerControllerStateProof.lean:9803:12: This simp argument is unused:
  packedReviewerSelectAfterDenseSecondWord
Hint: Omit it from the simp argument list.
  s̵i̵m̵p̵ ̵[̵p̵a̵c̵k̵e̵d̵R̵e̵v̵i̵e̵w̵e̵r̵S̵e̵l̵e̵c̵t̵A̵f̵t̵e̵r̵D̵e̵n̵s̵e̵S̵e̵c̵o̵n̵d̵W̵o̵r̵d̵]̵ ̵a̵t̵ ̵h̵c̵l̵o̵s̵e̵s̲i̲m̲p̲ ̲a̲t̲ ̲h̲c̲l̲o̲s̲e̲
Note: This linter can be disabled with `set_option linter.unusedSimpArgs false`
warning: RMQ/Core/SuccinctFinal/RAM/PackedCellProbe/ReviewerControllerStateProof.lean:13670:8: try 'simp' instead of 'simpa'
Note: This linter can be disabled with `set_option linter.unnecessarySimpa false`
warning: RMQ/Core/SuccinctFinal/RAM/PackedCellProbe/ReviewerControllerStateProof.lean:13753:8: try 'simp' instead of 'simpa'
Note: This linter can be disabled with `set_option linter.unnecessarySimpa false`
⚠ [341/374] Replayed RMQ.Validation.EGCPFinalFalsification
warning: RMQ/Validation/EGCPFinalFalsification.lean:2257:37: This simp argument is unused:
  packedReviewerDriveAgainstMemoryAux
Hint: Omit it from the simp argument list.
  simp [packedReviewerRunAgainstMemory, packedReviewerController, hbad,
      packedReviewerControllerMeasure, packedReviewerD̵r̵i̵v̵e̵A̵g̵a̵i̵n̵s̵t̵M̵e̵m̵o̵r̵y̵A̵u̵x̵,̵
  ̵ ̵ ̵ ̵ ̵p̵a̵c̵k̵e̵d̵R̵e̵v̵i̵e̵w̵e̵r̵ControllerResult, packedReviewerControllerFailed]
Note: This linter can be disabled with `set_option linter.unusedSimpArgs false`
warning: RMQ/Validation/EGCPFinalFalsification.lean:2258:4: This simp argument is unused:
  packedReviewerControllerResult
Hint: Omit it from the simp argument list.
  simp [packedReviewerRunAgainstMemory, packedReviewerController, hbad,
      packedReviewerControllerMeasure, packedReviewerDriveAgainstMemoryAux,
      packedReviewerControllerR̵e̵s̵u̵l̵t̵,̵ ̵p̵a̵c̵k̵e̵d̵R̵e̵v̵i̵e̵w̵e̵r̵C̵o̵n̵t̵r̵o̵l̵l̵e̵r̵Failed]
Note: This linter can be disabled with `set_option linter.unusedSimpArgs false`
warning: RMQ/Validation/EGCPFinalFalsification.lean:2258:36: This simp argument is unused:
  packedReviewerControllerFailed
Hint: Omit it from the simp argument list.
  simp [packedReviewerRunAgainstMemory, packedReviewerController, hbad,
      packedReviewerControllerMeasure, packedReviewerDriveAgainstMemoryAux,
      packedReviewerControllerResult,̵ ̵p̵a̵c̵k̵e̵d̵R̵e̵v̵i̵e̵w̵e̵r̵C̵o̵n̵t̵r̵o̵l̵l̵e̵r̵F̵a̵i̵l̵e̵d̵]
Note: This linter can be disabled with `set_option linter.unusedSimpArgs false`
Build completed successfully.
